Algorithm,Seed,Episode,Cumulative_Steps,Return
REINFORCE,42,1,20,20.0
REINFORCE,42,2,48,28.0
REINFORCE,42,3,91,43.0
REINFORCE,42,4,106,15.0
REINFORCE,42,5,116,10.0
REINFORCE,42,6,151,35.0
REINFORCE,42,7,168,17.0
REINFORCE,42,8,179,11.0
REINFORCE,42,9,195,16.0
REINFORCE,42,10,210,15.0
REINFORCE,42,11,238,28.0
REINFORCE,42,12,250,12.0
REINFORCE,42,13,270,20.0
REINFORCE,42,14,297,27.0
REINFORCE,42,15,328,31.0
REINFORCE,42,16,371,43.0
REINFORCE,42,17,418,47.0
REINFORCE,42,18,456,38.0
REINFORCE,42,19,488,32.0
REINFORCE,42,20,500,12.0
REINFORCE,42,21,531,31.0
REINFORCE,42,22,551,20.0
REINFORCE,42,23,577,26.0
REINFORCE,42,24,599,22.0
REINFORCE,42,25,613,14.0
REINFORCE,42,26,630,17.0
REINFORCE,42,27,685,55.0
REINFORCE,42,28,714,29.0
REINFORCE,42,29,766,52.0
REINFORCE,42,30,786,20.0
REINFORCE,42,31,804,18.0
REINFORCE,42,32,815,11.0
REINFORCE,42,33,839,24.0
REINFORCE,42,34,940,101.0
REINFORCE,42,35,955,15.0
REINFORCE,42,36,991,36.0
REINFORCE,42,37,1023,32.0
REINFORCE,42,38,1071,48.0
REINFORCE,42,39,1135,64.0
REINFORCE,42,40,1160,25.0
REINFORCE,42,41,1265,105.0
REINFORCE,42,42,1291,26.0
REINFORCE,42,43,1319,28.0
REINFORCE,42,44,1351,32.0
REINFORCE,42,45,1380,29.0
REINFORCE,42,46,1411,31.0
REINFORCE,42,47,1429,18.0
REINFORCE,42,48,1442,13.0
REINFORCE,42,49,1465,23.0
REINFORCE,42,50,1540,75.0
REINFORCE,42,51,1572,32.0
REINFORCE,42,52,1608,36.0
REINFORCE,42,53,1638,30.0
REINFORCE,42,54,1656,18.0
REINFORCE,42,55,1682,26.0
REINFORCE,42,56,1730,48.0
REINFORCE,42,57,1746,16.0
REINFORCE,42,58,1763,17.0
REINFORCE,42,59,1801,38.0
REINFORCE,42,60,1810,9.0
REINFORCE,42,61,1844,34.0
REINFORCE,42,62,1889,45.0
REINFORCE,42,63,1929,40.0
REINFORCE,42,64,1999,70.0
REINFORCE,42,65,2051,52.0
REINFORCE,42,66,2098,47.0
REINFORCE,42,67,2164,66.0
REINFORCE,42,68,2276,112.0
REINFORCE,42,69,2394,118.0
REINFORCE,42,70,2430,36.0
REINFORCE,42,71,2502,72.0
REINFORCE,42,72,2525,23.0
REINFORCE,42,73,2589,64.0
REINFORCE,42,74,2630,41.0
REINFORCE,42,75,2665,35.0
REINFORCE,42,76,2715,50.0
REINFORCE,42,77,2807,92.0
REINFORCE,42,78,2838,31.0
REINFORCE,42,79,2914,76.0
REINFORCE,42,80,3035,121.0
REINFORCE,42,81,3070,35.0
REINFORCE,42,82,3176,106.0
REINFORCE,42,83,3253,77.0
REINFORCE,42,84,3387,134.0
REINFORCE,42,85,3508,121.0
REINFORCE,42,86,3592,84.0
REINFORCE,42,87,3702,110.0
REINFORCE,42,88,3819,117.0
REINFORCE,42,89,3858,39.0
REINFORCE,42,90,3896,38.0
REINFORCE,42,91,4009,113.0
REINFORCE,42,92,4142,133.0
REINFORCE,42,93,4242,100.0
REINFORCE,42,94,4274,32.0
REINFORCE,42,95,4358,84.0
REINFORCE,42,96,4513,155.0
REINFORCE,42,97,4575,62.0
REINFORCE,42,98,4692,117.0
REINFORCE,42,99,4829,137.0
REINFORCE,42,100,5033,204.0
REINFORCE,42,101,5176,143.0
REINFORCE,42,102,5328,152.0
REINFORCE,42,103,5490,162.0
REINFORCE,42,104,5546,56.0
REINFORCE,42,105,5839,293.0
REINFORCE,42,106,5999,160.0
REINFORCE,42,107,6124,125.0
REINFORCE,42,108,6217,93.0
REINFORCE,42,109,6403,186.0
REINFORCE,42,110,6440,37.0
REINFORCE,42,111,6478,38.0
REINFORCE,42,112,6548,70.0
REINFORCE,42,113,6682,134.0
REINFORCE,42,114,6821,139.0
REINFORCE,42,115,6870,49.0
REINFORCE,42,116,7080,210.0
REINFORCE,42,117,7247,167.0
REINFORCE,42,118,7578,331.0
REINFORCE,42,119,7761,183.0
REINFORCE,42,120,7989,228.0
REINFORCE,42,121,8278,289.0
REINFORCE,42,122,8519,241.0
REINFORCE,42,123,8642,123.0
REINFORCE,42,124,8754,112.0
REINFORCE,42,125,9027,273.0
REINFORCE,42,126,9190,163.0
REINFORCE,42,127,9442,252.0
REINFORCE,42,128,9646,204.0
REINFORCE,42,129,9763,117.0
REINFORCE,42,130,9983,220.0
REINFORCE,42,131,10118,135.0
REINFORCE,42,132,10373,255.0
REINFORCE,42,133,10866,493.0
REINFORCE,42,134,11130,264.0
REINFORCE,42,135,11436,306.0
REINFORCE,42,136,11552,116.0
REINFORCE,42,137,11671,119.0
REINFORCE,42,138,11830,159.0
REINFORCE,42,139,11892,62.0
REINFORCE,42,140,11927,35.0
REINFORCE,42,141,12066,139.0
REINFORCE,42,142,12170,104.0
REINFORCE,42,143,12196,26.0
REINFORCE,42,144,12346,150.0
REINFORCE,42,145,12485,139.0
REINFORCE,42,146,12586,101.0
REINFORCE,42,147,12737,151.0
REINFORCE,42,148,12848,111.0
REINFORCE,42,149,12972,124.0
REINFORCE,42,150,13023,51.0
REINFORCE,42,151,13154,131.0
REINFORCE,42,152,13305,151.0
REINFORCE,42,153,13456,151.0
REINFORCE,42,154,13604,148.0
REINFORCE,42,155,13763,159.0
REINFORCE,42,156,13920,157.0
REINFORCE,42,157,14166,246.0
REINFORCE,42,158,14345,179.0
REINFORCE,42,159,14586,241.0
REINFORCE,42,160,14859,273.0
REINFORCE,42,161,15020,161.0
REINFORCE,42,162,15398,378.0
REINFORCE,42,163,15774,376.0
REINFORCE,42,164,16108,334.0
REINFORCE,42,165,16208,100.0
REINFORCE,42,166,16433,225.0
REINFORCE,42,167,16652,219.0
REINFORCE,42,168,16764,112.0
REINFORCE,42,169,16926,162.0
REINFORCE,42,170,17168,242.0
REINFORCE,42,171,17387,219.0
REINFORCE,42,172,17619,232.0
REINFORCE,42,173,17812,193.0
REINFORCE,42,174,17899,87.0
REINFORCE,42,175,18099,200.0
REINFORCE,42,176,18325,226.0
REINFORCE,42,177,18422,97.0
REINFORCE,42,178,18581,159.0
REINFORCE,42,179,18671,90.0
REINFORCE,42,180,18865,194.0
REINFORCE,42,181,18993,128.0
REINFORCE,42,182,19098,105.0
REINFORCE,42,183,19152,54.0
REINFORCE,42,184,19291,139.0
REINFORCE,42,185,19417,126.0
REINFORCE,42,186,19524,107.0
REINFORCE,42,187,19763,239.0
REINFORCE,42,188,19900,137.0
REINFORCE,42,189,20048,148.0
REINFORCE,42,190,20280,232.0
REINFORCE,42,191,20415,135.0
REINFORCE,42,192,20739,324.0
REINFORCE,42,193,20988,249.0
REINFORCE,42,194,21450,462.0
REINFORCE,42,195,21665,215.0
REINFORCE,42,196,21915,250.0
REINFORCE,42,197,22198,283.0
REINFORCE,42,198,22698,500.0
REINFORCE,42,199,22955,257.0
REINFORCE,42,200,23122,167.0
REINFORCE,42,201,23488,366.0
REINFORCE,42,202,23912,424.0
REINFORCE,42,203,24233,321.0
REINFORCE,42,204,24382,149.0
REINFORCE,42,205,24696,314.0
REINFORCE,42,206,24936,240.0
REINFORCE,42,207,25436,500.0
REINFORCE,42,208,25823,387.0
REINFORCE,42,209,26121,298.0
REINFORCE,42,210,26621,500.0
REINFORCE,42,211,26766,145.0
REINFORCE,42,212,27266,500.0
REINFORCE,42,213,27582,316.0
REINFORCE,42,214,28045,463.0
REINFORCE,42,215,28326,281.0
REINFORCE,42,216,28679,353.0
REINFORCE,42,217,29027,348.0
REINFORCE,42,218,29292,265.0
REINFORCE,42,219,29619,327.0
REINFORCE,42,220,29922,303.0
REINFORCE,42,221,30223,301.0
REINFORCE,42,222,30590,367.0
REINFORCE,42,223,30846,256.0
REINFORCE,42,224,31162,316.0
REINFORCE,42,225,31425,263.0
REINFORCE,42,226,31656,231.0
REINFORCE,42,227,31879,223.0
REINFORCE,42,228,32076,197.0
REINFORCE,42,229,32282,206.0
REINFORCE,42,230,32573,291.0
REINFORCE,42,231,32759,186.0
REINFORCE,42,232,32989,230.0
REINFORCE,42,233,33192,203.0
REINFORCE,42,234,33369,177.0
REINFORCE,42,235,33509,140.0
REINFORCE,42,236,33708,199.0
REINFORCE,42,237,33885,177.0
REINFORCE,42,238,34045,160.0
REINFORCE,42,239,34262,217.0
REINFORCE,42,240,34515,253.0
REINFORCE,42,241,34843,328.0
REINFORCE,42,242,35225,382.0
REINFORCE,42,243,35725,500.0
REINFORCE,42,244,36225,500.0
REINFORCE,42,245,36725,500.0
REINFORCE,42,246,37225,500.0
REINFORCE,42,247,37725,500.0
REINFORCE,42,248,38225,500.0
REINFORCE,42,249,38725,500.0
REINFORCE,42,250,39225,500.0
REINFORCE,42,251,39725,500.0
REINFORCE,42,252,40169,444.0
REINFORCE,42,253,40669,500.0
REINFORCE,42,254,41033,364.0
REINFORCE,42,255,41403,370.0
REINFORCE,42,256,41851,448.0
REINFORCE,42,257,42269,418.0
REINFORCE,42,258,42675,406.0
REINFORCE,42,259,43175,500.0
REINFORCE,42,260,43675,500.0
REINFORCE,42,261,44175,500.0
REINFORCE,42,262,44668,493.0
REINFORCE,42,263,45168,500.0
REINFORCE,42,264,45668,500.0
REINFORCE,42,265,46168,500.0
REINFORCE,42,266,46668,500.0
REINFORCE,42,267,47168,500.0
REINFORCE,42,268,47668,500.0
REINFORCE,42,269,48062,394.0
REINFORCE,42,270,48562,500.0
REINFORCE,42,271,48927,365.0
REINFORCE,42,272,49427,500.0
REINFORCE,42,273,49927,500.0
REINFORCE,42,274,50427,500.0
REINFORCE,42,275,50927,500.0
REINFORCE,42,276,51427,500.0
REINFORCE,42,277,51927,500.0
REINFORCE,42,278,52427,500.0
REINFORCE,42,279,52927,500.0
REINFORCE,42,280,53238,311.0
REINFORCE,42,281,53634,396.0
REINFORCE,42,282,54134,500.0
REINFORCE,42,283,54634,500.0
REINFORCE,42,284,55020,386.0
REINFORCE,42,285,55520,500.0
REINFORCE,42,286,55752,232.0
REINFORCE,42,287,56252,500.0
REINFORCE,42,288,56752,500.0
REINFORCE,42,289,57252,500.0
REINFORCE,42,290,57473,221.0
REINFORCE,42,291,57973,500.0
REINFORCE,42,292,58473,500.0
REINFORCE,42,293,58973,500.0
REINFORCE,42,294,59473,500.0
REINFORCE,42,295,59973,500.0
REINFORCE,42,296,60473,500.0
REINFORCE,42,297,60973,500.0
REINFORCE,42,298,61473,500.0
REINFORCE,42,299,61973,500.0
REINFORCE,42,300,62473,500.0
REINFORCE,42,301,62973,500.0
REINFORCE,42,302,63473,500.0
REINFORCE,42,303,63973,500.0
REINFORCE,42,304,64473,500.0
REINFORCE,42,305,64973,500.0
REINFORCE,42,306,65247,274.0
REINFORCE,42,307,65644,397.0
REINFORCE,42,308,66052,408.0
REINFORCE,42,309,66552,500.0
REINFORCE,42,310,66885,333.0
REINFORCE,42,311,67385,500.0
REINFORCE,42,312,67885,500.0
REINFORCE,42,313,68385,500.0
REINFORCE,42,314,68756,371.0
REINFORCE,42,315,69074,318.0
REINFORCE,42,316,69574,500.0
REINFORCE,42,317,70074,500.0
REINFORCE,42,318,70574,500.0
REINFORCE,42,319,71030,456.0
REINFORCE,42,320,71472,442.0
REINFORCE,42,321,71936,464.0
REINFORCE,42,322,72295,359.0
REINFORCE,42,323,72795,500.0
REINFORCE,42,324,73295,500.0
REINFORCE,42,325,73753,458.0
REINFORCE,42,326,73969,216.0
REINFORCE,42,327,74469,500.0
REINFORCE,42,328,74969,500.0
REINFORCE,42,329,75469,500.0
REINFORCE,42,330,75807,338.0
REINFORCE,42,331,76307,500.0
REINFORCE,42,332,76807,500.0
REINFORCE,42,333,77307,500.0
REINFORCE,42,334,77807,500.0
REINFORCE,42,335,78307,500.0
REINFORCE,42,336,78634,327.0
REINFORCE,42,337,78838,204.0
REINFORCE,42,338,79197,359.0
REINFORCE,42,339,79697,500.0
REINFORCE,42,340,80197,500.0
REINFORCE,42,341,80626,429.0
REINFORCE,42,342,81046,420.0
REINFORCE,42,343,81375,329.0
REINFORCE,42,344,81845,470.0
REINFORCE,42,345,82264,419.0
REINFORCE,42,346,82635,371.0
REINFORCE,42,347,82894,259.0
REINFORCE,42,348,83150,256.0
REINFORCE,42,349,83585,435.0
REINFORCE,42,350,83936,351.0
REINFORCE,42,351,84118,182.0
REINFORCE,42,352,84296,178.0
REINFORCE,42,353,84443,147.0
REINFORCE,42,354,84559,116.0
REINFORCE,42,355,84689,130.0
REINFORCE,42,356,84814,125.0
REINFORCE,42,357,84927,113.0
REINFORCE,42,358,85054,127.0
REINFORCE,42,359,85171,117.0
REINFORCE,42,360,85291,120.0
REINFORCE,42,361,85405,114.0
REINFORCE,42,362,85537,132.0
REINFORCE,42,363,85659,122.0
REINFORCE,42,364,85770,111.0
REINFORCE,42,365,85900,130.0
REINFORCE,42,366,86019,119.0
REINFORCE,42,367,86132,113.0
REINFORCE,42,368,86252,120.0
REINFORCE,42,369,86374,122.0
REINFORCE,42,370,86490,116.0
REINFORCE,42,371,86600,110.0
REINFORCE,42,372,86721,121.0
REINFORCE,42,373,86823,102.0
REINFORCE,42,374,86908,85.0
REINFORCE,42,375,86970,62.0
REINFORCE,42,376,87018,48.0
REINFORCE,42,377,87078,60.0
REINFORCE,42,378,87130,52.0
REINFORCE,42,379,87199,69.0
REINFORCE,42,380,87253,54.0
REINFORCE,42,381,87300,47.0
REINFORCE,42,382,87356,56.0
REINFORCE,42,383,87413,57.0
REINFORCE,42,384,87469,56.0
REINFORCE,42,385,87539,70.0
REINFORCE,42,386,87596,57.0
REINFORCE,42,387,87648,52.0
REINFORCE,42,388,87681,33.0
REINFORCE,42,389,87726,45.0
REINFORCE,42,390,87784,58.0
REINFORCE,42,391,87841,57.0
REINFORCE,42,392,87872,31.0
REINFORCE,42,393,87935,63.0
REINFORCE,42,394,87982,47.0
REINFORCE,42,395,88037,55.0
REINFORCE,42,396,88077,40.0
REINFORCE,42,397,88135,58.0
REINFORCE,42,398,88189,54.0
REINFORCE,42,399,88230,41.0
REINFORCE,42,400,88263,33.0
REINFORCE,42,401,88318,55.0
REINFORCE,42,402,88376,58.0
REINFORCE,42,403,88422,46.0
REINFORCE,42,404,88480,58.0
REINFORCE,42,405,88546,66.0
REINFORCE,42,406,88597,51.0
REINFORCE,42,407,88652,55.0
REINFORCE,42,408,88700,48.0
REINFORCE,42,409,88755,55.0
REINFORCE,42,410,88800,45.0
REINFORCE,42,411,88856,56.0
REINFORCE,42,412,88912,56.0
REINFORCE,42,413,88954,42.0
REINFORCE,42,414,89010,56.0
REINFORCE,42,415,89067,57.0
REINFORCE,42,416,89113,46.0
REINFORCE,42,417,89169,56.0
REINFORCE,42,418,89211,42.0
REINFORCE,42,419,89271,60.0
REINFORCE,42,420,89348,77.0
REINFORCE,42,421,89418,70.0
REINFORCE,42,422,89479,61.0
REINFORCE,42,423,89530,51.0
REINFORCE,42,424,89605,75.0
REINFORCE,42,425,89675,70.0
REINFORCE,42,426,89732,57.0
REINFORCE,42,427,89781,49.0
REINFORCE,42,428,89860,79.0
REINFORCE,42,429,89948,88.0
REINFORCE,42,430,90017,69.0
REINFORCE,42,431,90099,82.0
REINFORCE,42,432,90196,97.0
REINFORCE,42,433,90281,85.0
REINFORCE,42,434,90387,106.0
REINFORCE,42,435,90473,86.0
REINFORCE,42,436,90535,62.0
REINFORCE,42,437,90639,104.0
REINFORCE,42,438,90761,122.0
REINFORCE,42,439,90849,88.0
REINFORCE,42,440,90963,114.0
REINFORCE,42,441,91061,98.0
REINFORCE,42,442,91195,134.0
REINFORCE,42,443,91317,122.0
REINFORCE,42,444,91430,113.0
REINFORCE,42,445,91562,132.0
REINFORCE,42,446,91672,110.0
REINFORCE,42,447,91786,114.0
REINFORCE,42,448,91929,143.0
REINFORCE,42,449,92083,154.0
REINFORCE,42,450,92226,143.0
REINFORCE,42,451,92342,116.0
REINFORCE,42,452,92484,142.0
REINFORCE,42,453,92637,153.0
REINFORCE,42,454,92788,151.0
REINFORCE,42,455,92949,161.0
REINFORCE,42,456,93138,189.0
REINFORCE,42,457,93302,164.0
REINFORCE,42,458,93468,166.0
REINFORCE,42,459,93657,189.0
REINFORCE,42,460,93848,191.0
REINFORCE,42,461,93989,141.0
REINFORCE,42,462,94168,179.0
REINFORCE,42,463,94332,164.0
REINFORCE,42,464,94574,242.0
REINFORCE,42,465,94746,172.0
REINFORCE,42,466,95004,258.0
REINFORCE,42,467,95269,265.0
REINFORCE,42,468,95538,269.0
REINFORCE,42,469,95959,421.0
REINFORCE,42,470,96426,467.0
REINFORCE,42,471,96926,500.0
REINFORCE,42,472,97426,500.0
REINFORCE,42,473,97926,500.0
REINFORCE,42,474,98426,500.0
REINFORCE,42,475,98926,500.0
REINFORCE,42,476,99426,500.0
REINFORCE,42,477,99926,500.0
REINFORCE,42,478,100426,500.0
REINFORCE,42,479,100926,500.0
REINFORCE,42,480,101426,500.0
REINFORCE,42,481,101926,500.0
REINFORCE,42,482,102426,500.0
REINFORCE,42,483,102926,500.0
REINFORCE,42,484,103426,500.0
REINFORCE,42,485,103926,500.0
REINFORCE,42,486,104424,498.0
REINFORCE,42,487,104924,500.0
REINFORCE,42,488,105424,500.0
REINFORCE,42,489,105924,500.0
REINFORCE,42,490,106424,500.0
REINFORCE,42,491,106924,500.0
REINFORCE,42,492,107424,500.0
REINFORCE,42,493,107923,499.0
REINFORCE,42,494,108382,459.0
REINFORCE,42,495,108804,422.0
REINFORCE,42,496,109304,500.0
REINFORCE,42,497,109804,500.0
REINFORCE,42,498,110304,500.0
REINFORCE,42,499,110804,500.0
REINFORCE,42,500,111304,500.0
REINFORCE,42,501,111804,500.0
REINFORCE,42,502,112304,500.0
REINFORCE,42,503,112804,500.0
REINFORCE,42,504,113304,500.0
REINFORCE,42,505,113804,500.0
REINFORCE,42,506,114259,455.0
REINFORCE,42,507,114759,500.0
REINFORCE,42,508,115259,500.0
REINFORCE,42,509,115600,341.0
REINFORCE,42,510,115990,390.0
REINFORCE,42,511,116490,500.0
REINFORCE,42,512,116990,500.0
REINFORCE,42,513,117473,483.0
REINFORCE,42,514,117926,453.0
REINFORCE,42,515,118253,327.0
REINFORCE,42,516,118587,334.0
REINFORCE,42,517,118795,208.0
REINFORCE,42,518,118962,167.0
REINFORCE,42,519,119449,487.0
REINFORCE,42,520,119896,447.0
REINFORCE,42,521,120368,472.0
REINFORCE,42,522,120661,293.0
REINFORCE,42,523,120961,300.0
REINFORCE,42,524,121259,298.0
REINFORCE,42,525,121609,350.0
REINFORCE,42,526,122021,412.0
REINFORCE,42,527,122319,298.0
REINFORCE,42,528,122615,296.0
REINFORCE,42,529,122913,298.0
REINFORCE,42,530,123263,350.0
REINFORCE,42,531,123577,314.0
REINFORCE,42,532,123864,287.0
REINFORCE,42,533,124036,172.0
REINFORCE,42,534,124328,292.0
REINFORCE,42,535,124649,321.0
REINFORCE,42,536,124807,158.0
REINFORCE,42,537,125131,324.0
REINFORCE,42,538,125288,157.0
REINFORCE,42,539,125590,302.0
REINFORCE,42,540,125894,304.0
REINFORCE,42,541,126025,131.0
REINFORCE,42,542,126525,500.0
REINFORCE,42,543,127025,500.0
REINFORCE,42,544,127525,500.0
REINFORCE,42,545,128025,500.0
REINFORCE,42,546,128269,244.0
REINFORCE,42,547,128769,500.0
REINFORCE,42,548,129034,265.0
REINFORCE,42,549,129534,500.0
REINFORCE,42,550,130024,490.0
REINFORCE,42,551,130524,500.0
REINFORCE,42,552,130761,237.0
REINFORCE,42,553,130995,234.0
REINFORCE,42,554,131400,405.0
REINFORCE,42,555,131900,500.0
REINFORCE,42,556,132152,252.0
REINFORCE,42,557,132518,366.0
REINFORCE,42,558,132691,173.0
REINFORCE,42,559,132907,216.0
REINFORCE,42,560,133344,437.0
REINFORCE,42,561,133638,294.0
REINFORCE,42,562,133926,288.0
REINFORCE,42,563,134086,160.0
REINFORCE,42,564,134249,163.0
REINFORCE,42,565,134557,308.0
REINFORCE,42,566,134838,281.0
REINFORCE,42,567,135038,200.0
REINFORCE,42,568,135288,250.0
REINFORCE,42,569,135541,253.0
REINFORCE,42,570,135691,150.0
REINFORCE,42,571,135852,161.0
REINFORCE,42,572,135974,122.0
REINFORCE,42,573,136088,114.0
REINFORCE,42,574,136253,165.0
REINFORCE,42,575,136397,144.0
REINFORCE,42,576,136521,124.0
REINFORCE,42,577,136672,151.0
REINFORCE,42,578,136786,114.0
REINFORCE,42,579,136907,121.0
REINFORCE,42,580,137056,149.0
REINFORCE,42,581,137185,129.0
REINFORCE,42,582,137329,144.0
REINFORCE,42,583,137419,90.0
REINFORCE,42,584,137539,120.0
REINFORCE,42,585,137667,128.0
REINFORCE,42,586,137788,121.0
REINFORCE,42,587,137897,109.0
REINFORCE,42,588,138022,125.0
REINFORCE,42,589,138157,135.0
REINFORCE,42,590,138258,101.0
REINFORCE,42,591,138372,114.0
REINFORCE,42,592,138502,130.0
REINFORCE,42,593,138617,115.0
REINFORCE,42,594,138753,136.0
REINFORCE,42,595,138922,169.0
REINFORCE,42,596,138984,62.0
REINFORCE,42,597,139087,103.0
REINFORCE,42,598,139165,78.0
REINFORCE,42,599,139291,126.0
REINFORCE,42,600,139371,80.0
REINFORCE,42,601,139497,126.0
REINFORCE,42,602,139630,133.0
REINFORCE,42,603,139747,117.0
REINFORCE,42,604,139863,116.0
REINFORCE,42,605,139996,133.0
REINFORCE,42,606,140113,117.0
REINFORCE,42,607,140249,136.0
REINFORCE,42,608,140352,103.0
REINFORCE,42,609,140445,93.0
REINFORCE,42,610,140564,119.0
REINFORCE,42,611,140693,129.0
REINFORCE,42,612,140788,95.0
REINFORCE,42,613,140911,123.0
REINFORCE,42,614,141000,89.0
REINFORCE,42,615,141088,88.0
REINFORCE,42,616,141219,131.0
REINFORCE,42,617,141274,55.0
REINFORCE,42,618,141374,100.0
REINFORCE,42,619,141458,84.0
REINFORCE,42,620,141501,43.0
REINFORCE,42,621,141611,110.0
REINFORCE,42,622,141689,78.0
REINFORCE,42,623,141788,99.0
REINFORCE,42,624,141875,87.0
REINFORCE,42,625,141944,69.0
REINFORCE,42,626,142026,82.0
REINFORCE,42,627,142101,75.0
REINFORCE,42,628,142188,87.0
REINFORCE,42,629,142283,95.0
REINFORCE,42,630,142395,112.0
REINFORCE,42,631,142520,125.0
REINFORCE,42,632,142594,74.0
REINFORCE,42,633,142721,127.0
REINFORCE,42,634,142801,80.0
REINFORCE,42,635,142909,108.0
REINFORCE,42,636,143042,133.0
REINFORCE,42,637,143170,128.0
REINFORCE,42,638,143317,147.0
REINFORCE,42,639,143456,139.0
REINFORCE,42,640,143595,139.0
REINFORCE,42,641,143734,139.0
REINFORCE,42,642,143896,162.0
REINFORCE,42,643,144054,158.0
REINFORCE,42,644,144190,136.0
REINFORCE,42,645,144490,300.0
REINFORCE,42,646,144672,182.0
REINFORCE,42,647,145098,426.0
REINFORCE,42,648,145458,360.0
REINFORCE,42,649,145748,290.0
REINFORCE,42,650,146023,275.0
REINFORCE,42,651,146259,236.0
REINFORCE,42,652,146553,294.0
REINFORCE,42,653,146845,292.0
REINFORCE,42,654,147209,364.0
REINFORCE,42,655,147451,242.0
REINFORCE,42,656,147892,441.0
REINFORCE,42,657,148254,362.0
REINFORCE,42,658,148754,500.0
REINFORCE,42,659,149248,494.0
REINFORCE,42,660,149637,389.0
REINFORCE,42,661,149940,303.0
REINFORCE,42,662,150207,267.0
REINFORCE,42,663,150707,500.0
REINFORCE,42,664,151115,408.0
REINFORCE,42,665,151511,396.0
REINFORCE,42,666,151975,464.0
REINFORCE,42,667,152475,500.0
REINFORCE,42,668,152975,500.0
REINFORCE,42,669,153475,500.0
REINFORCE,42,670,153975,500.0
REINFORCE,42,671,154475,500.0
REINFORCE,42,672,154975,500.0
REINFORCE,42,673,155349,374.0
REINFORCE,42,674,155698,349.0
REINFORCE,42,675,156198,500.0
REINFORCE,42,676,156698,500.0
REINFORCE,42,677,157112,414.0
REINFORCE,42,678,157612,500.0
REINFORCE,42,679,158112,500.0
REINFORCE,42,680,158612,500.0
REINFORCE,42,681,158783,171.0
REINFORCE,42,682,159283,500.0
REINFORCE,42,683,159783,500.0
REINFORCE,42,684,160283,500.0
REINFORCE,42,685,160783,500.0
REINFORCE,42,686,161283,500.0
REINFORCE,42,687,161783,500.0
REINFORCE,42,688,162283,500.0
REINFORCE,42,689,162783,500.0
REINFORCE,42,690,163228,445.0
REINFORCE,42,691,163728,500.0
REINFORCE,42,692,164228,500.0
REINFORCE,42,693,164597,369.0
REINFORCE,42,694,165097,500.0
REINFORCE,42,695,165597,500.0
REINFORCE,42,696,166097,500.0
REINFORCE,42,697,166597,500.0
REINFORCE,42,698,167097,500.0
REINFORCE,42,699,167394,297.0
REINFORCE,42,700,167894,500.0
REINFORCE,42,701,168258,364.0
REINFORCE,42,702,168757,499.0
REINFORCE,42,703,169257,500.0
REINFORCE,42,704,169757,500.0
REINFORCE,42,705,170257,500.0
REINFORCE,42,706,170618,361.0
REINFORCE,42,707,171118,500.0
REINFORCE,42,708,171618,500.0
REINFORCE,42,709,171911,293.0
REINFORCE,42,710,172411,500.0
REINFORCE,42,711,172911,500.0
REINFORCE,42,712,173318,407.0
REINFORCE,42,713,173818,500.0
REINFORCE,42,714,174253,435.0
REINFORCE,42,715,174608,355.0
REINFORCE,42,716,175108,500.0
REINFORCE,42,717,175463,355.0
REINFORCE,42,718,175963,500.0
REINFORCE,42,719,176463,500.0
REINFORCE,42,720,176904,441.0
REINFORCE,42,721,177307,403.0
REINFORCE,42,722,177636,329.0
REINFORCE,42,723,177930,294.0
REINFORCE,42,724,178430,500.0
REINFORCE,42,725,178930,500.0
REINFORCE,42,726,179302,372.0
REINFORCE,42,727,179562,260.0
REINFORCE,42,728,180062,500.0
REINFORCE,42,729,180562,500.0
REINFORCE,42,730,181062,500.0
REINFORCE,42,731,181370,308.0
REINFORCE,42,732,181796,426.0
REINFORCE,42,733,182277,481.0
REINFORCE,42,734,182709,432.0
REINFORCE,42,735,183127,418.0
REINFORCE,42,736,183627,500.0
REINFORCE,42,737,184127,500.0
REINFORCE,42,738,184627,500.0
REINFORCE,42,739,185127,500.0
REINFORCE,42,740,185548,421.0
REINFORCE,42,741,185778,230.0
REINFORCE,42,742,186278,500.0
REINFORCE,42,743,186778,500.0
REINFORCE,42,744,187278,500.0
REINFORCE,42,745,187778,500.0
REINFORCE,42,746,188278,500.0
REINFORCE,42,747,188778,500.0
REINFORCE,42,748,189278,500.0
REINFORCE,42,749,189778,500.0
REINFORCE,42,750,190278,500.0
REINFORCE,42,751,190778,500.0
REINFORCE,42,752,191278,500.0
REINFORCE,42,753,191778,500.0
REINFORCE,42,754,192278,500.0
REINFORCE,42,755,192778,500.0
REINFORCE,42,756,193278,500.0
REINFORCE,42,757,193774,496.0
REINFORCE,42,758,194274,500.0
REINFORCE,42,759,194774,500.0
REINFORCE,42,760,195274,500.0
REINFORCE,42,761,195774,500.0
REINFORCE,42,762,196274,500.0
REINFORCE,42,763,196774,500.0
REINFORCE,42,764,197274,500.0
REINFORCE,42,765,197774,500.0
REINFORCE,42,766,198274,500.0
REINFORCE,42,767,198774,500.0
REINFORCE,42,768,199274,500.0
REINFORCE,42,769,199774,500.0
REINFORCE,42,770,200274,500.0
REINFORCE,42,771,200774,500.0
REINFORCE,42,772,201274,500.0
REINFORCE,42,773,201774,500.0
REINFORCE,42,774,202274,500.0
REINFORCE,42,775,202631,357.0
REINFORCE,42,776,203029,398.0
REINFORCE,42,777,203529,500.0
REINFORCE,42,778,203957,428.0
REINFORCE,42,779,204457,500.0
REINFORCE,42,780,204799,342.0
REINFORCE,42,781,205222,423.0
REINFORCE,42,782,205516,294.0
REINFORCE,42,783,205716,200.0
REINFORCE,42,784,206166,450.0
REINFORCE,42,785,206616,450.0
REINFORCE,42,786,207116,500.0
REINFORCE,42,787,207445,329.0
REINFORCE,42,788,207705,260.0
REINFORCE,42,789,208022,317.0
REINFORCE,42,790,208329,307.0
REINFORCE,42,791,208485,156.0
REINFORCE,42,792,208803,318.0
REINFORCE,42,793,208980,177.0
REINFORCE,42,794,209128,148.0
REINFORCE,42,795,209267,139.0
REINFORCE,42,796,209407,140.0
REINFORCE,42,797,209611,204.0
REINFORCE,42,798,209739,128.0
REINFORCE,42,799,209875,136.0
REINFORCE,42,800,209994,119.0
REINFORCE,42,801,210147,153.0
REINFORCE,42,802,210257,110.0
REINFORCE,42,803,210386,129.0
REINFORCE,42,804,210511,125.0
REINFORCE,42,805,210618,107.0
REINFORCE,42,806,210754,136.0
REINFORCE,42,807,210881,127.0
REINFORCE,42,808,210988,107.0
REINFORCE,42,809,211106,118.0
REINFORCE,42,810,211222,116.0
REINFORCE,42,811,211352,130.0
REINFORCE,42,812,211483,131.0
REINFORCE,42,813,211605,122.0
REINFORCE,42,814,211720,115.0
REINFORCE,42,815,211838,118.0
REINFORCE,42,816,211949,111.0
REINFORCE,42,817,212072,123.0
REINFORCE,42,818,212223,151.0
REINFORCE,42,819,212341,118.0
REINFORCE,42,820,212468,127.0
REINFORCE,42,821,212590,122.0
REINFORCE,42,822,212728,138.0
REINFORCE,42,823,212851,123.0
REINFORCE,42,824,212994,143.0
REINFORCE,42,825,213115,121.0
REINFORCE,42,826,213232,117.0
REINFORCE,42,827,213342,110.0
REINFORCE,42,828,213487,145.0
REINFORCE,42,829,213610,123.0
REINFORCE,42,830,213726,116.0
REINFORCE,42,831,213860,134.0
REINFORCE,42,832,213998,138.0
REINFORCE,42,833,214135,137.0
REINFORCE,42,834,214250,115.0
REINFORCE,42,835,214372,122.0
REINFORCE,42,836,214501,129.0
REINFORCE,42,837,214651,150.0
REINFORCE,42,838,214777,126.0
REINFORCE,42,839,214925,148.0
REINFORCE,42,840,215072,147.0
REINFORCE,42,841,215517,445.0
REINFORCE,42,842,216017,500.0
REINFORCE,42,843,216184,167.0
REINFORCE,42,844,216483,299.0
REINFORCE,42,845,216765,282.0
REINFORCE,42,846,217040,275.0
REINFORCE,42,847,217290,250.0
REINFORCE,42,848,217526,236.0
REINFORCE,42,849,217916,390.0
REINFORCE,42,850,218172,256.0
REINFORCE,42,851,218447,275.0
REINFORCE,42,852,218686,239.0
REINFORCE,42,853,218943,257.0
REINFORCE,42,854,219206,263.0
REINFORCE,42,855,219427,221.0
REINFORCE,42,856,219601,174.0
REINFORCE,42,857,219825,224.0
REINFORCE,42,858,220198,373.0
REINFORCE,42,859,220419,221.0
REINFORCE,42,860,220632,213.0
REINFORCE,42,861,220870,238.0
REINFORCE,42,862,221118,248.0
REINFORCE,42,863,221374,256.0
REINFORCE,42,864,221764,390.0
REINFORCE,42,865,222239,475.0
REINFORCE,42,866,222499,260.0
REINFORCE,42,867,222833,334.0
REINFORCE,42,868,223089,256.0
REINFORCE,42,869,223589,500.0
REINFORCE,42,870,223870,281.0
REINFORCE,42,871,224330,460.0
REINFORCE,42,872,224618,288.0
REINFORCE,42,873,224883,265.0
REINFORCE,42,874,225137,254.0
REINFORCE,42,875,225637,500.0
REINFORCE,42,876,225886,249.0
REINFORCE,42,877,226153,267.0
REINFORCE,42,878,226434,281.0
REINFORCE,42,879,226751,317.0
REINFORCE,42,880,227083,332.0
REINFORCE,42,881,227340,257.0
REINFORCE,42,882,227591,251.0
REINFORCE,42,883,227864,273.0
REINFORCE,42,884,228306,442.0
REINFORCE,42,885,228806,500.0
REINFORCE,42,886,229251,445.0
REINFORCE,42,887,229751,500.0
REINFORCE,42,888,230159,408.0
REINFORCE,42,889,230617,458.0
REINFORCE,42,890,231020,403.0
REINFORCE,42,891,231316,296.0
REINFORCE,42,892,231708,392.0
REINFORCE,42,893,232123,415.0
REINFORCE,42,894,232623,500.0
REINFORCE,42,895,232940,317.0
REINFORCE,42,896,233440,500.0
REINFORCE,42,897,233749,309.0
REINFORCE,42,898,234249,500.0
REINFORCE,42,899,234665,416.0
REINFORCE,42,900,234984,319.0
REINFORCE,42,901,235294,310.0
REINFORCE,42,902,235601,307.0
REINFORCE,42,903,235917,316.0
REINFORCE,42,904,236387,470.0
REINFORCE,42,905,236887,500.0
REINFORCE,42,906,237157,270.0
REINFORCE,42,907,237549,392.0
REINFORCE,42,908,238049,500.0
REINFORCE,42,909,238401,352.0
REINFORCE,42,910,238901,500.0
REINFORCE,42,911,239401,500.0
REINFORCE,42,912,239901,500.0
REINFORCE,42,913,240401,500.0
REINFORCE,42,914,240684,283.0
REINFORCE,42,915,241184,500.0
REINFORCE,42,916,241684,500.0
REINFORCE,42,917,242184,500.0
REINFORCE,42,918,242684,500.0
REINFORCE,42,919,243094,410.0
REINFORCE,42,920,243594,500.0
REINFORCE,42,921,244036,442.0
REINFORCE,42,922,244350,314.0
REINFORCE,42,923,244654,304.0
REINFORCE,42,924,245029,375.0
REINFORCE,42,925,245271,242.0
REINFORCE,42,926,245577,306.0
REINFORCE,42,927,246077,500.0
REINFORCE,42,928,246457,380.0
REINFORCE,42,929,246853,396.0
REINFORCE,42,930,247172,319.0
REINFORCE,42,931,247576,404.0
REINFORCE,42,932,247884,308.0
REINFORCE,42,933,248193,309.0
REINFORCE,42,934,248507,314.0
REINFORCE,42,935,248906,399.0
REINFORCE,42,936,249204,298.0
REINFORCE,42,937,249386,182.0
REINFORCE,42,938,249543,157.0
REINFORCE,42,939,249742,199.0
REINFORCE,42,940,250043,301.0
REINFORCE,42,941,250429,386.0
REINFORCE,42,942,250766,337.0
REINFORCE,42,943,251087,321.0
REINFORCE,42,944,251448,361.0
REINFORCE,42,945,251948,500.0
REINFORCE,42,946,252349,401.0
REINFORCE,42,947,252690,341.0
REINFORCE,42,948,253061,371.0
REINFORCE,42,949,253446,385.0
REINFORCE,42,950,253946,500.0
REINFORCE,42,951,254446,500.0
REINFORCE,42,952,254871,425.0
REINFORCE,42,953,255287,416.0
REINFORCE,42,954,255749,462.0
REINFORCE,42,955,256249,500.0
REINFORCE,42,956,256577,328.0
REINFORCE,42,957,256995,418.0
REINFORCE,42,958,257495,500.0
REINFORCE,42,959,257803,308.0
REINFORCE,42,960,258303,500.0
REINFORCE,42,961,258637,334.0
REINFORCE,42,962,259101,464.0
REINFORCE,42,963,259601,500.0
REINFORCE,42,964,259944,343.0
REINFORCE,42,965,260444,500.0
REINFORCE,42,966,260794,350.0
REINFORCE,42,967,261163,369.0
REINFORCE,42,968,261542,379.0
REINFORCE,42,969,261911,369.0
REINFORCE,42,970,262391,480.0
REINFORCE,42,971,262714,323.0
REINFORCE,42,972,263091,377.0
REINFORCE,42,973,263559,468.0
REINFORCE,42,974,264059,500.0
REINFORCE,42,975,264430,371.0
REINFORCE,42,976,264655,225.0
REINFORCE,42,977,265034,379.0
REINFORCE,42,978,265534,500.0
REINFORCE,42,979,266034,500.0
REINFORCE,42,980,266534,500.0
REINFORCE,42,981,267034,500.0
REINFORCE,42,982,267256,222.0
REINFORCE,42,983,267517,261.0
REINFORCE,42,984,267923,406.0
REINFORCE,42,985,268423,500.0
REINFORCE,42,986,268739,316.0
REINFORCE,42,987,269045,306.0
REINFORCE,42,988,269489,444.0
REINFORCE,42,989,269989,500.0
REINFORCE,42,990,270314,325.0
REINFORCE,42,991,270713,399.0
REINFORCE,42,992,271213,500.0
REINFORCE,42,993,271522,309.0
REINFORCE,42,994,271906,384.0
REINFORCE,42,995,272406,500.0
REINFORCE,42,996,272597,191.0
REINFORCE,42,997,272798,201.0
REINFORCE,42,998,273298,500.0
REINFORCE,42,999,273523,225.0
REINFORCE,42,1000,273741,218.0
REINFORCE,1337,1,39,39.0
REINFORCE,1337,2,63,24.0
REINFORCE,1337,3,84,21.0
REINFORCE,1337,4,97,13.0
REINFORCE,1337,5,154,57.0
REINFORCE,1337,6,179,25.0
REINFORCE,1337,7,214,35.0
REINFORCE,1337,8,224,10.0
REINFORCE,1337,9,244,20.0
REINFORCE,1337,10,260,16.0
REINFORCE,1337,11,315,55.0
REINFORCE,1337,12,339,24.0
REINFORCE,1337,13,355,16.0
REINFORCE,1337,14,378,23.0
REINFORCE,1337,15,388,10.0
REINFORCE,1337,16,410,22.0
REINFORCE,1337,17,426,16.0
REINFORCE,1337,18,443,17.0
REINFORCE,1337,19,495,52.0
REINFORCE,1337,20,536,41.0
REINFORCE,1337,21,577,41.0
REINFORCE,1337,22,630,53.0
REINFORCE,1337,23,643,13.0
REINFORCE,1337,24,683,40.0
REINFORCE,1337,25,706,23.0
REINFORCE,1337,26,725,19.0
REINFORCE,1337,27,747,22.0
REINFORCE,1337,28,783,36.0
REINFORCE,1337,29,827,44.0
REINFORCE,1337,30,848,21.0
REINFORCE,1337,31,867,19.0
REINFORCE,1337,32,937,70.0
REINFORCE,1337,33,976,39.0
REINFORCE,1337,34,993,17.0
REINFORCE,1337,35,1006,13.0
REINFORCE,1337,36,1047,41.0
REINFORCE,1337,37,1096,49.0
REINFORCE,1337,38,1108,12.0
REINFORCE,1337,39,1162,54.0
REINFORCE,1337,40,1233,71.0
REINFORCE,1337,41,1249,16.0
REINFORCE,1337,42,1279,30.0
REINFORCE,1337,43,1295,16.0
REINFORCE,1337,44,1314,19.0
REINFORCE,1337,45,1331,17.0
REINFORCE,1337,46,1359,28.0
REINFORCE,1337,47,1377,18.0
REINFORCE,1337,48,1418,41.0
REINFORCE,1337,49,1429,11.0
REINFORCE,1337,50,1442,13.0
REINFORCE,1337,51,1463,21.0
REINFORCE,1337,52,1490,27.0
REINFORCE,1337,53,1528,38.0
REINFORCE,1337,54,1550,22.0
REINFORCE,1337,55,1572,22.0
REINFORCE,1337,56,1600,28.0
REINFORCE,1337,57,1634,34.0
REINFORCE,1337,58,1654,20.0
REINFORCE,1337,59,1727,73.0
REINFORCE,1337,60,1755,28.0
REINFORCE,1337,61,1813,58.0
REINFORCE,1337,62,1839,26.0
REINFORCE,1337,63,1857,18.0
REINFORCE,1337,64,1881,24.0
REINFORCE,1337,65,1937,56.0
REINFORCE,1337,66,2038,101.0
REINFORCE,1337,67,2061,23.0
REINFORCE,1337,68,2076,15.0
REINFORCE,1337,69,2133,57.0
REINFORCE,1337,70,2168,35.0
REINFORCE,1337,71,2229,61.0
REINFORCE,1337,72,2247,18.0
REINFORCE,1337,73,2270,23.0
REINFORCE,1337,74,2300,30.0
REINFORCE,1337,75,2356,56.0
REINFORCE,1337,76,2431,75.0
REINFORCE,1337,77,2495,64.0
REINFORCE,1337,78,2505,10.0
REINFORCE,1337,79,2538,33.0
REINFORCE,1337,80,2564,26.0
REINFORCE,1337,81,2591,27.0
REINFORCE,1337,82,2628,37.0
REINFORCE,1337,83,2660,32.0
REINFORCE,1337,84,2680,20.0
REINFORCE,1337,85,2719,39.0
REINFORCE,1337,86,2735,16.0
REINFORCE,1337,87,2753,18.0
REINFORCE,1337,88,2808,55.0
REINFORCE,1337,89,2870,62.0
REINFORCE,1337,90,2926,56.0
REINFORCE,1337,91,3012,86.0
REINFORCE,1337,92,3034,22.0
REINFORCE,1337,93,3053,19.0
REINFORCE,1337,94,3115,62.0
REINFORCE,1337,95,3153,38.0
REINFORCE,1337,96,3178,25.0
REINFORCE,1337,97,3228,50.0
REINFORCE,1337,98,3362,134.0
REINFORCE,1337,99,3393,31.0
REINFORCE,1337,100,3413,20.0
REINFORCE,1337,101,3546,133.0
REINFORCE,1337,102,3576,30.0
REINFORCE,1337,103,3674,98.0
REINFORCE,1337,104,3713,39.0
REINFORCE,1337,105,3874,161.0
REINFORCE,1337,106,3889,15.0
REINFORCE,1337,107,3943,54.0
REINFORCE,1337,108,3989,46.0
REINFORCE,1337,109,4062,73.0
REINFORCE,1337,110,4073,11.0
REINFORCE,1337,111,4147,74.0
REINFORCE,1337,112,4248,101.0
REINFORCE,1337,113,4324,76.0
REINFORCE,1337,114,4394,70.0
REINFORCE,1337,115,4428,34.0
REINFORCE,1337,116,4552,124.0
REINFORCE,1337,117,4632,80.0
REINFORCE,1337,118,4747,115.0
REINFORCE,1337,119,4844,97.0
REINFORCE,1337,120,5013,169.0
REINFORCE,1337,121,5124,111.0
REINFORCE,1337,122,5574,450.0
REINFORCE,1337,123,5632,58.0
REINFORCE,1337,124,5772,140.0
REINFORCE,1337,125,5800,28.0
REINFORCE,1337,126,5911,111.0
REINFORCE,1337,127,6132,221.0
REINFORCE,1337,128,6255,123.0
REINFORCE,1337,129,6423,168.0
REINFORCE,1337,130,6565,142.0
REINFORCE,1337,131,6820,255.0
REINFORCE,1337,132,6926,106.0
REINFORCE,1337,133,6956,30.0
REINFORCE,1337,134,7119,163.0
REINFORCE,1337,135,7151,32.0
REINFORCE,1337,136,7280,129.0
REINFORCE,1337,137,7479,199.0
REINFORCE,1337,138,7960,481.0
REINFORCE,1337,139,8062,102.0
REINFORCE,1337,140,8232,170.0
REINFORCE,1337,141,8346,114.0
REINFORCE,1337,142,8431,85.0
REINFORCE,1337,143,8714,283.0
REINFORCE,1337,144,9093,379.0
REINFORCE,1337,145,9225,132.0
REINFORCE,1337,146,9438,213.0
REINFORCE,1337,147,9500,62.0
REINFORCE,1337,148,9825,325.0
REINFORCE,1337,149,10251,426.0
REINFORCE,1337,150,10751,500.0
REINFORCE,1337,151,11008,257.0
REINFORCE,1337,152,11355,347.0
REINFORCE,1337,153,11729,374.0
REINFORCE,1337,154,11984,255.0
REINFORCE,1337,155,12379,395.0
REINFORCE,1337,156,12674,295.0
REINFORCE,1337,157,12981,307.0
REINFORCE,1337,158,13166,185.0
REINFORCE,1337,159,13541,375.0
REINFORCE,1337,160,13819,278.0
REINFORCE,1337,161,14031,212.0
REINFORCE,1337,162,14531,500.0
REINFORCE,1337,163,14844,313.0
REINFORCE,1337,164,15344,500.0
REINFORCE,1337,165,15698,354.0
REINFORCE,1337,166,15909,211.0
REINFORCE,1337,167,16407,498.0
REINFORCE,1337,168,16765,358.0
REINFORCE,1337,169,17265,500.0
REINFORCE,1337,170,17539,274.0
REINFORCE,1337,171,17797,258.0
REINFORCE,1337,172,17936,139.0
REINFORCE,1337,173,18436,500.0
REINFORCE,1337,174,18665,229.0
REINFORCE,1337,175,19144,479.0
REINFORCE,1337,176,19560,416.0
REINFORCE,1337,177,19808,248.0
REINFORCE,1337,178,20064,256.0
REINFORCE,1337,179,20361,297.0
REINFORCE,1337,180,20566,205.0
REINFORCE,1337,181,20816,250.0
REINFORCE,1337,182,20983,167.0
REINFORCE,1337,183,21219,236.0
REINFORCE,1337,184,21455,236.0
REINFORCE,1337,185,21920,465.0
REINFORCE,1337,186,22202,282.0
REINFORCE,1337,187,22458,256.0
REINFORCE,1337,188,22822,364.0
REINFORCE,1337,189,23322,500.0
REINFORCE,1337,190,23657,335.0
REINFORCE,1337,191,24028,371.0
REINFORCE,1337,192,24528,500.0
REINFORCE,1337,193,25028,500.0
REINFORCE,1337,194,25523,495.0
REINFORCE,1337,195,26023,500.0
REINFORCE,1337,196,26345,322.0
REINFORCE,1337,197,26777,432.0
REINFORCE,1337,198,27277,500.0
REINFORCE,1337,199,27536,259.0
REINFORCE,1337,200,27905,369.0
REINFORCE,1337,201,28094,189.0
REINFORCE,1337,202,28229,135.0
REINFORCE,1337,203,28375,146.0
REINFORCE,1337,204,28650,275.0
REINFORCE,1337,205,28829,179.0
REINFORCE,1337,206,29068,239.0
REINFORCE,1337,207,29243,175.0
REINFORCE,1337,208,29371,128.0
REINFORCE,1337,209,29535,164.0
REINFORCE,1337,210,29683,148.0
REINFORCE,1337,211,29907,224.0
REINFORCE,1337,212,30133,226.0
REINFORCE,1337,213,30574,441.0
REINFORCE,1337,214,30942,368.0
REINFORCE,1337,215,31107,165.0
REINFORCE,1337,216,31526,419.0
REINFORCE,1337,217,31856,330.0
REINFORCE,1337,218,31981,125.0
REINFORCE,1337,219,32161,180.0
REINFORCE,1337,220,32648,487.0
REINFORCE,1337,221,33148,500.0
REINFORCE,1337,222,33648,500.0
REINFORCE,1337,223,33967,319.0
REINFORCE,1337,224,34105,138.0
REINFORCE,1337,225,34353,248.0
REINFORCE,1337,226,34645,292.0
REINFORCE,1337,227,34884,239.0
REINFORCE,1337,228,35115,231.0
REINFORCE,1337,229,35338,223.0
REINFORCE,1337,230,35490,152.0
REINFORCE,1337,231,35662,172.0
REINFORCE,1337,232,35832,170.0
REINFORCE,1337,233,35975,143.0
REINFORCE,1337,234,36115,140.0
REINFORCE,1337,235,36282,167.0
REINFORCE,1337,236,36462,180.0
REINFORCE,1337,237,36648,186.0
REINFORCE,1337,238,36833,185.0
REINFORCE,1337,239,37044,211.0
REINFORCE,1337,240,37217,173.0
REINFORCE,1337,241,37487,270.0
REINFORCE,1337,242,37844,357.0
REINFORCE,1337,243,38182,338.0
REINFORCE,1337,244,38682,500.0
REINFORCE,1337,245,39182,500.0
REINFORCE,1337,246,39682,500.0
REINFORCE,1337,247,40182,500.0
REINFORCE,1337,248,40682,500.0
REINFORCE,1337,249,41182,500.0
REINFORCE,1337,250,41682,500.0
REINFORCE,1337,251,41915,233.0
REINFORCE,1337,252,42295,380.0
REINFORCE,1337,253,42668,373.0
REINFORCE,1337,254,43168,500.0
REINFORCE,1337,255,43435,267.0
REINFORCE,1337,256,43562,127.0
REINFORCE,1337,257,43774,212.0
REINFORCE,1337,258,44017,243.0
REINFORCE,1337,259,44517,500.0
REINFORCE,1337,260,44773,256.0
REINFORCE,1337,261,44993,220.0
REINFORCE,1337,262,45298,305.0
REINFORCE,1337,263,45424,126.0
REINFORCE,1337,264,45634,210.0
REINFORCE,1337,265,45907,273.0
REINFORCE,1337,266,46163,256.0
REINFORCE,1337,267,46428,265.0
REINFORCE,1337,268,46714,286.0
REINFORCE,1337,269,47086,372.0
REINFORCE,1337,270,47252,166.0
REINFORCE,1337,271,47431,179.0
REINFORCE,1337,272,47569,138.0
REINFORCE,1337,273,47812,243.0
REINFORCE,1337,274,47991,179.0
REINFORCE,1337,275,48331,340.0
REINFORCE,1337,276,48509,178.0
REINFORCE,1337,277,48966,457.0
REINFORCE,1337,278,49466,500.0
REINFORCE,1337,279,49966,500.0
REINFORCE,1337,280,50294,328.0
REINFORCE,1337,281,50688,394.0
REINFORCE,1337,282,51151,463.0
REINFORCE,1337,283,51651,500.0
REINFORCE,1337,284,52007,356.0
REINFORCE,1337,285,52507,500.0
REINFORCE,1337,286,53007,500.0
REINFORCE,1337,287,53507,500.0
REINFORCE,1337,288,54007,500.0
REINFORCE,1337,289,54507,500.0
REINFORCE,1337,290,55007,500.0
REINFORCE,1337,291,55507,500.0
REINFORCE,1337,292,56007,500.0
REINFORCE,1337,293,56507,500.0
REINFORCE,1337,294,57007,500.0
REINFORCE,1337,295,57507,500.0
REINFORCE,1337,296,58007,500.0
REINFORCE,1337,297,58507,500.0
REINFORCE,1337,298,58937,430.0
REINFORCE,1337,299,59182,245.0
REINFORCE,1337,300,59371,189.0
REINFORCE,1337,301,59657,286.0
REINFORCE,1337,302,60007,350.0
REINFORCE,1337,303,60196,189.0
REINFORCE,1337,304,60453,257.0
REINFORCE,1337,305,60805,352.0
REINFORCE,1337,306,61055,250.0
REINFORCE,1337,307,61366,311.0
REINFORCE,1337,308,61684,318.0
REINFORCE,1337,309,62027,343.0
REINFORCE,1337,310,62307,280.0
REINFORCE,1337,311,62583,276.0
REINFORCE,1337,312,62870,287.0
REINFORCE,1337,313,63112,242.0
REINFORCE,1337,314,63389,277.0
REINFORCE,1337,315,63635,246.0
REINFORCE,1337,316,63911,276.0
REINFORCE,1337,317,64172,261.0
REINFORCE,1337,318,64410,238.0
REINFORCE,1337,319,64604,194.0
REINFORCE,1337,320,64884,280.0
REINFORCE,1337,321,65187,303.0
REINFORCE,1337,322,65488,301.0
REINFORCE,1337,323,65883,395.0
REINFORCE,1337,324,66383,500.0
REINFORCE,1337,325,66731,348.0
REINFORCE,1337,326,67071,340.0
REINFORCE,1337,327,67571,500.0
REINFORCE,1337,328,68071,500.0
REINFORCE,1337,329,68571,500.0
REINFORCE,1337,330,69071,500.0
REINFORCE,1337,331,69571,500.0
REINFORCE,1337,332,70071,500.0
REINFORCE,1337,333,70571,500.0
REINFORCE,1337,334,71071,500.0
REINFORCE,1337,335,71571,500.0
REINFORCE,1337,336,71767,196.0
REINFORCE,1337,337,71975,208.0
REINFORCE,1337,338,72223,248.0
REINFORCE,1337,339,72401,178.0
REINFORCE,1337,340,72567,166.0
REINFORCE,1337,341,72741,174.0
REINFORCE,1337,342,72911,170.0
REINFORCE,1337,343,73095,184.0
REINFORCE,1337,344,73264,169.0
REINFORCE,1337,345,73412,148.0
REINFORCE,1337,346,73554,142.0
REINFORCE,1337,347,73710,156.0
REINFORCE,1337,348,73827,117.0
REINFORCE,1337,349,73981,154.0
REINFORCE,1337,350,74114,133.0
REINFORCE,1337,351,74244,130.0
REINFORCE,1337,352,74370,126.0
REINFORCE,1337,353,74489,119.0
REINFORCE,1337,354,74631,142.0
REINFORCE,1337,355,74716,85.0
REINFORCE,1337,356,74823,107.0
REINFORCE,1337,357,74894,71.0
REINFORCE,1337,358,74963,69.0
REINFORCE,1337,359,75070,107.0
REINFORCE,1337,360,75179,109.0
REINFORCE,1337,361,75284,105.0
REINFORCE,1337,362,75398,114.0
REINFORCE,1337,363,75485,87.0
REINFORCE,1337,364,75599,114.0
REINFORCE,1337,365,75709,110.0
REINFORCE,1337,366,75811,102.0
REINFORCE,1337,367,75880,69.0
REINFORCE,1337,368,75948,68.0
REINFORCE,1337,369,75996,48.0
REINFORCE,1337,370,76113,117.0
REINFORCE,1337,371,76234,121.0
REINFORCE,1337,372,76282,48.0
REINFORCE,1337,373,76342,60.0
REINFORCE,1337,374,76425,83.0
REINFORCE,1337,375,76505,80.0
REINFORCE,1337,376,76623,118.0
REINFORCE,1337,377,76725,102.0
REINFORCE,1337,378,76830,105.0
REINFORCE,1337,379,76934,104.0
REINFORCE,1337,380,77017,83.0
REINFORCE,1337,381,77107,90.0
REINFORCE,1337,382,77164,57.0
REINFORCE,1337,383,77241,77.0
REINFORCE,1337,384,77331,90.0
REINFORCE,1337,385,77424,93.0
REINFORCE,1337,386,77518,94.0
REINFORCE,1337,387,77619,101.0
REINFORCE,1337,388,77707,88.0
REINFORCE,1337,389,77799,92.0
REINFORCE,1337,390,77908,109.0
REINFORCE,1337,391,78028,120.0
REINFORCE,1337,392,78140,112.0
REINFORCE,1337,393,78256,116.0
REINFORCE,1337,394,78370,114.0
REINFORCE,1337,395,78488,118.0
REINFORCE,1337,396,78618,130.0
REINFORCE,1337,397,78732,114.0
REINFORCE,1337,398,78847,115.0
REINFORCE,1337,399,78988,141.0
REINFORCE,1337,400,79100,112.0
REINFORCE,1337,401,79230,130.0
REINFORCE,1337,402,79371,141.0
REINFORCE,1337,403,79503,132.0
REINFORCE,1337,404,79651,148.0
REINFORCE,1337,405,79775,124.0
REINFORCE,1337,406,79939,164.0
REINFORCE,1337,407,80084,145.0
REINFORCE,1337,408,80247,163.0
REINFORCE,1337,409,80402,155.0
REINFORCE,1337,410,80518,116.0
REINFORCE,1337,411,80646,128.0
REINFORCE,1337,412,80767,121.0
REINFORCE,1337,413,80893,126.0
REINFORCE,1337,414,81006,113.0
REINFORCE,1337,415,81149,143.0
REINFORCE,1337,416,81274,125.0
REINFORCE,1337,417,81387,113.0
REINFORCE,1337,418,81503,116.0
REINFORCE,1337,419,81623,120.0
REINFORCE,1337,420,81775,152.0
REINFORCE,1337,421,81909,134.0
REINFORCE,1337,422,82036,127.0
REINFORCE,1337,423,82160,124.0
REINFORCE,1337,424,82305,145.0
REINFORCE,1337,425,82420,115.0
REINFORCE,1337,426,82569,149.0
REINFORCE,1337,427,82703,134.0
REINFORCE,1337,428,82837,134.0
REINFORCE,1337,429,83029,192.0
REINFORCE,1337,430,83203,174.0
REINFORCE,1337,431,83369,166.0
REINFORCE,1337,432,83537,168.0
REINFORCE,1337,433,83787,250.0
REINFORCE,1337,434,84012,225.0
REINFORCE,1337,435,84216,204.0
REINFORCE,1337,436,84469,253.0
REINFORCE,1337,437,84638,169.0
REINFORCE,1337,438,84830,192.0
REINFORCE,1337,439,85095,265.0
REINFORCE,1337,440,85296,201.0
REINFORCE,1337,441,85494,198.0
REINFORCE,1337,442,85726,232.0
REINFORCE,1337,443,85941,215.0
REINFORCE,1337,444,86152,211.0
REINFORCE,1337,445,86355,203.0
REINFORCE,1337,446,86524,169.0
REINFORCE,1337,447,86679,155.0
REINFORCE,1337,448,86832,153.0
REINFORCE,1337,449,87006,174.0
REINFORCE,1337,450,87164,158.0
REINFORCE,1337,451,87322,158.0
REINFORCE,1337,452,87493,171.0
REINFORCE,1337,453,87651,158.0
REINFORCE,1337,454,87801,150.0
REINFORCE,1337,455,87966,165.0
REINFORCE,1337,456,88120,154.0
REINFORCE,1337,457,88263,143.0
REINFORCE,1337,458,88407,144.0
REINFORCE,1337,459,88566,159.0
REINFORCE,1337,460,88706,140.0
REINFORCE,1337,461,88847,141.0
REINFORCE,1337,462,89015,168.0
REINFORCE,1337,463,89147,132.0
REINFORCE,1337,464,89305,158.0
REINFORCE,1337,465,89436,131.0
REINFORCE,1337,466,89578,142.0
REINFORCE,1337,467,89706,128.0
REINFORCE,1337,468,89822,116.0
REINFORCE,1337,469,89947,125.0
REINFORCE,1337,470,90076,129.0
REINFORCE,1337,471,90222,146.0
REINFORCE,1337,472,90377,155.0
REINFORCE,1337,473,90494,117.0
REINFORCE,1337,474,90624,130.0
REINFORCE,1337,475,90752,128.0
REINFORCE,1337,476,90894,142.0
REINFORCE,1337,477,91022,128.0
REINFORCE,1337,478,91173,151.0
REINFORCE,1337,479,91331,158.0
REINFORCE,1337,480,91498,167.0
REINFORCE,1337,481,91670,172.0
REINFORCE,1337,482,91823,153.0
REINFORCE,1337,483,91979,156.0
REINFORCE,1337,484,92116,137.0
REINFORCE,1337,485,92255,139.0
REINFORCE,1337,486,92400,145.0
REINFORCE,1337,487,92529,129.0
REINFORCE,1337,488,92679,150.0
REINFORCE,1337,489,92829,150.0
REINFORCE,1337,490,92980,151.0
REINFORCE,1337,491,93114,134.0
REINFORCE,1337,492,93267,153.0
REINFORCE,1337,493,93432,165.0
REINFORCE,1337,494,93571,139.0
REINFORCE,1337,495,93726,155.0
REINFORCE,1337,496,93899,173.0
REINFORCE,1337,497,94073,174.0
REINFORCE,1337,498,94252,179.0
REINFORCE,1337,499,94431,179.0
REINFORCE,1337,500,94639,208.0
REINFORCE,1337,501,94805,166.0
REINFORCE,1337,502,94999,194.0
REINFORCE,1337,503,95168,169.0
REINFORCE,1337,504,95368,200.0
REINFORCE,1337,505,95589,221.0
REINFORCE,1337,506,95790,201.0
REINFORCE,1337,507,95956,166.0
REINFORCE,1337,508,96188,232.0
REINFORCE,1337,509,96352,164.0
REINFORCE,1337,510,96523,171.0
REINFORCE,1337,511,96726,203.0
REINFORCE,1337,512,96920,194.0
REINFORCE,1337,513,97093,173.0
REINFORCE,1337,514,97265,172.0
REINFORCE,1337,515,97503,238.0
REINFORCE,1337,516,97692,189.0
REINFORCE,1337,517,97853,161.0
REINFORCE,1337,518,98017,164.0
REINFORCE,1337,519,98197,180.0
REINFORCE,1337,520,98393,196.0
REINFORCE,1337,521,98563,170.0
REINFORCE,1337,522,98732,169.0
REINFORCE,1337,523,98878,146.0
REINFORCE,1337,524,99059,181.0
REINFORCE,1337,525,99244,185.0
REINFORCE,1337,526,99409,165.0
REINFORCE,1337,527,99568,159.0
REINFORCE,1337,528,99729,161.0
REINFORCE,1337,529,99885,156.0
REINFORCE,1337,530,100046,161.0
REINFORCE,1337,531,100199,153.0
REINFORCE,1337,532,100344,145.0
REINFORCE,1337,533,100496,152.0
REINFORCE,1337,534,100628,132.0
REINFORCE,1337,535,100765,137.0
REINFORCE,1337,536,100889,124.0
REINFORCE,1337,537,101012,123.0
REINFORCE,1337,538,101132,120.0
REINFORCE,1337,539,101273,141.0
REINFORCE,1337,540,101408,135.0
REINFORCE,1337,541,101547,139.0
REINFORCE,1337,542,101662,115.0
REINFORCE,1337,543,101786,124.0
REINFORCE,1337,544,101902,116.0
REINFORCE,1337,545,101931,29.0
REINFORCE,1337,546,102035,104.0
REINFORCE,1337,547,102136,101.0
REINFORCE,1337,548,102184,48.0
REINFORCE,1337,549,102215,31.0
REINFORCE,1337,550,102323,108.0
REINFORCE,1337,551,102429,106.0
REINFORCE,1337,552,102555,126.0
REINFORCE,1337,553,102666,111.0
REINFORCE,1337,554,102784,118.0
REINFORCE,1337,555,102895,111.0
REINFORCE,1337,556,103008,113.0
REINFORCE,1337,557,103120,112.0
REINFORCE,1337,558,103151,31.0
REINFORCE,1337,559,103273,122.0
REINFORCE,1337,560,103393,120.0
REINFORCE,1337,561,103511,118.0
REINFORCE,1337,562,103618,107.0
REINFORCE,1337,563,103742,124.0
REINFORCE,1337,564,103855,113.0
REINFORCE,1337,565,103986,131.0
REINFORCE,1337,566,104105,119.0
REINFORCE,1337,567,104222,117.0
REINFORCE,1337,568,104361,139.0
REINFORCE,1337,569,104390,29.0
REINFORCE,1337,570,104503,113.0
REINFORCE,1337,571,104637,134.0
REINFORCE,1337,572,104768,131.0
REINFORCE,1337,573,104916,148.0
REINFORCE,1337,574,105056,140.0
REINFORCE,1337,575,105193,137.0
REINFORCE,1337,576,105319,126.0
REINFORCE,1337,577,105445,126.0
REINFORCE,1337,578,105571,126.0
REINFORCE,1337,579,105697,126.0
REINFORCE,1337,580,105810,113.0
REINFORCE,1337,581,105926,116.0
REINFORCE,1337,582,106049,123.0
REINFORCE,1337,583,106162,113.0
REINFORCE,1337,584,106277,115.0
REINFORCE,1337,585,106376,99.0
REINFORCE,1337,586,106490,114.0
REINFORCE,1337,587,106592,102.0
REINFORCE,1337,588,106646,54.0
REINFORCE,1337,589,106745,99.0
REINFORCE,1337,590,106851,106.0
REINFORCE,1337,591,106889,38.0
REINFORCE,1337,592,107002,113.0
REINFORCE,1337,593,107051,49.0
REINFORCE,1337,594,107085,34.0
REINFORCE,1337,595,107114,29.0
REINFORCE,1337,596,107222,108.0
REINFORCE,1337,597,107329,107.0
REINFORCE,1337,598,107363,34.0
REINFORCE,1337,599,107463,100.0
REINFORCE,1337,600,107488,25.0
REINFORCE,1337,601,107573,85.0
REINFORCE,1337,602,107630,57.0
REINFORCE,1337,603,107722,92.0
REINFORCE,1337,604,107752,30.0
REINFORCE,1337,605,107848,96.0
REINFORCE,1337,606,107915,67.0
REINFORCE,1337,607,108021,106.0
REINFORCE,1337,608,108126,105.0
REINFORCE,1337,609,108221,95.0
REINFORCE,1337,610,108328,107.0
REINFORCE,1337,611,108436,108.0
REINFORCE,1337,612,108554,118.0
REINFORCE,1337,613,108650,96.0
REINFORCE,1337,614,108763,113.0
REINFORCE,1337,615,108866,103.0
REINFORCE,1337,616,108979,113.0
REINFORCE,1337,617,109091,112.0
REINFORCE,1337,618,109200,109.0
REINFORCE,1337,619,109231,31.0
REINFORCE,1337,620,109346,115.0
REINFORCE,1337,621,109444,98.0
REINFORCE,1337,622,109555,111.0
REINFORCE,1337,623,109586,31.0
REINFORCE,1337,624,109676,90.0
REINFORCE,1337,625,109785,109.0
REINFORCE,1337,626,109894,109.0
REINFORCE,1337,627,109982,88.0
REINFORCE,1337,628,110098,116.0
REINFORCE,1337,629,110206,108.0
REINFORCE,1337,630,110307,101.0
REINFORCE,1337,631,110422,115.0
REINFORCE,1337,632,110546,124.0
REINFORCE,1337,633,110575,29.0
REINFORCE,1337,634,110606,31.0
REINFORCE,1337,635,110709,103.0
REINFORCE,1337,636,110819,110.0
REINFORCE,1337,637,110937,118.0
REINFORCE,1337,638,111039,102.0
REINFORCE,1337,639,111160,121.0
REINFORCE,1337,640,111282,122.0
REINFORCE,1337,641,111386,104.0
REINFORCE,1337,642,111484,98.0
REINFORCE,1337,643,111578,94.0
REINFORCE,1337,644,111695,117.0
REINFORCE,1337,645,111814,119.0
REINFORCE,1337,646,111924,110.0
REINFORCE,1337,647,112035,111.0
REINFORCE,1337,648,112156,121.0
REINFORCE,1337,649,112256,100.0
REINFORCE,1337,650,112365,109.0
REINFORCE,1337,651,112478,113.0
REINFORCE,1337,652,112596,118.0
REINFORCE,1337,653,112716,120.0
REINFORCE,1337,654,112823,107.0
REINFORCE,1337,655,112931,108.0
REINFORCE,1337,656,113052,121.0
REINFORCE,1337,657,113173,121.0
REINFORCE,1337,658,113286,113.0
REINFORCE,1337,659,113391,105.0
REINFORCE,1337,660,113507,116.0
REINFORCE,1337,661,113618,111.0
REINFORCE,1337,662,113742,124.0
REINFORCE,1337,663,113868,126.0
REINFORCE,1337,664,113989,121.0
REINFORCE,1337,665,114089,100.0
REINFORCE,1337,666,114212,123.0
REINFORCE,1337,667,114343,131.0
REINFORCE,1337,668,114462,119.0
REINFORCE,1337,669,114593,131.0
REINFORCE,1337,670,114740,147.0
REINFORCE,1337,671,114883,143.0
REINFORCE,1337,672,115021,138.0
REINFORCE,1337,673,115170,149.0
REINFORCE,1337,674,115299,129.0
REINFORCE,1337,675,115420,121.0
REINFORCE,1337,676,115550,130.0
REINFORCE,1337,677,115693,143.0
REINFORCE,1337,678,115824,131.0
REINFORCE,1337,679,115952,128.0
REINFORCE,1337,680,116100,148.0
REINFORCE,1337,681,116259,159.0
REINFORCE,1337,682,116407,148.0
REINFORCE,1337,683,116542,135.0
REINFORCE,1337,684,116706,164.0
REINFORCE,1337,685,116852,146.0
REINFORCE,1337,686,117002,150.0
REINFORCE,1337,687,117163,161.0
REINFORCE,1337,688,117319,156.0
REINFORCE,1337,689,117455,136.0
REINFORCE,1337,690,117607,152.0
REINFORCE,1337,691,117769,162.0
REINFORCE,1337,692,117959,190.0
REINFORCE,1337,693,118115,156.0
REINFORCE,1337,694,118296,181.0
REINFORCE,1337,695,118444,148.0
REINFORCE,1337,696,118632,188.0
REINFORCE,1337,697,118793,161.0
REINFORCE,1337,698,118977,184.0
REINFORCE,1337,699,119154,177.0
REINFORCE,1337,700,119326,172.0
REINFORCE,1337,701,119492,166.0
REINFORCE,1337,702,119671,179.0
REINFORCE,1337,703,119852,181.0
REINFORCE,1337,704,120031,179.0
REINFORCE,1337,705,120214,183.0
REINFORCE,1337,706,120385,171.0
REINFORCE,1337,707,120544,159.0
REINFORCE,1337,708,120706,162.0
REINFORCE,1337,709,120875,169.0
REINFORCE,1337,710,121042,167.0
REINFORCE,1337,711,121231,189.0
REINFORCE,1337,712,121405,174.0
REINFORCE,1337,713,121607,202.0
REINFORCE,1337,714,121833,226.0
REINFORCE,1337,715,122012,179.0
REINFORCE,1337,716,122213,201.0
REINFORCE,1337,717,122441,228.0
REINFORCE,1337,718,122681,240.0
REINFORCE,1337,719,122960,279.0
REINFORCE,1337,720,123214,254.0
REINFORCE,1337,721,123466,252.0
REINFORCE,1337,722,123743,277.0
REINFORCE,1337,723,124088,345.0
REINFORCE,1337,724,124426,338.0
REINFORCE,1337,725,124764,338.0
REINFORCE,1337,726,125060,296.0
REINFORCE,1337,727,125433,373.0
REINFORCE,1337,728,125877,444.0
REINFORCE,1337,729,126315,438.0
REINFORCE,1337,730,126715,400.0
REINFORCE,1337,731,127215,500.0
REINFORCE,1337,732,127604,389.0
REINFORCE,1337,733,127998,394.0
REINFORCE,1337,734,128414,416.0
REINFORCE,1337,735,128758,344.0
REINFORCE,1337,736,129258,500.0
REINFORCE,1337,737,129758,500.0
REINFORCE,1337,738,130254,496.0
REINFORCE,1337,739,130733,479.0
REINFORCE,1337,740,131233,500.0
REINFORCE,1337,741,131589,356.0
REINFORCE,1337,742,132000,411.0
REINFORCE,1337,743,132439,439.0
REINFORCE,1337,744,132874,435.0
REINFORCE,1337,745,133295,421.0
REINFORCE,1337,746,133795,500.0
REINFORCE,1337,747,134227,432.0
REINFORCE,1337,748,134538,311.0
REINFORCE,1337,749,134939,401.0
REINFORCE,1337,750,135439,500.0
REINFORCE,1337,751,135939,500.0
REINFORCE,1337,752,136379,440.0
REINFORCE,1337,753,136803,424.0
REINFORCE,1337,754,137110,307.0
REINFORCE,1337,755,137509,399.0
REINFORCE,1337,756,138009,500.0
REINFORCE,1337,757,138446,437.0
REINFORCE,1337,758,138817,371.0
REINFORCE,1337,759,139069,252.0
REINFORCE,1337,760,139421,352.0
REINFORCE,1337,761,139662,241.0
REINFORCE,1337,762,139907,245.0
REINFORCE,1337,763,140108,201.0
REINFORCE,1337,764,140351,243.0
REINFORCE,1337,765,140534,183.0
REINFORCE,1337,766,140739,205.0
REINFORCE,1337,767,140909,170.0
REINFORCE,1337,768,141118,209.0
REINFORCE,1337,769,141306,188.0
REINFORCE,1337,770,141488,182.0
REINFORCE,1337,771,141682,194.0
REINFORCE,1337,772,141849,167.0
REINFORCE,1337,773,142040,191.0
REINFORCE,1337,774,142214,174.0
REINFORCE,1337,775,142386,172.0
REINFORCE,1337,776,142582,196.0
REINFORCE,1337,777,142758,176.0
REINFORCE,1337,778,142954,196.0
REINFORCE,1337,779,143160,206.0
REINFORCE,1337,780,143310,150.0
REINFORCE,1337,781,143478,168.0
REINFORCE,1337,782,143646,168.0
REINFORCE,1337,783,143806,160.0
REINFORCE,1337,784,143989,183.0
REINFORCE,1337,785,144151,162.0
REINFORCE,1337,786,144306,155.0
REINFORCE,1337,787,144466,160.0
REINFORCE,1337,788,144607,141.0
REINFORCE,1337,789,144781,174.0
REINFORCE,1337,790,144971,190.0
REINFORCE,1337,791,145122,151.0
REINFORCE,1337,792,145285,163.0
REINFORCE,1337,793,145462,177.0
REINFORCE,1337,794,145655,193.0
REINFORCE,1337,795,145820,165.0
REINFORCE,1337,796,145996,176.0
REINFORCE,1337,797,146178,182.0
REINFORCE,1337,798,146335,157.0
REINFORCE,1337,799,146467,132.0
REINFORCE,1337,800,146614,147.0
REINFORCE,1337,801,146795,181.0
REINFORCE,1337,802,146941,146.0
REINFORCE,1337,803,147072,131.0
REINFORCE,1337,804,147230,158.0
REINFORCE,1337,805,147391,161.0
REINFORCE,1337,806,147526,135.0
REINFORCE,1337,807,147683,157.0
REINFORCE,1337,808,147826,143.0
REINFORCE,1337,809,148007,181.0
REINFORCE,1337,810,148147,140.0
REINFORCE,1337,811,148284,137.0
REINFORCE,1337,812,148442,158.0
REINFORCE,1337,813,148586,144.0
REINFORCE,1337,814,148747,161.0
REINFORCE,1337,815,148913,166.0
REINFORCE,1337,816,149061,148.0
REINFORCE,1337,817,149202,141.0
REINFORCE,1337,818,149374,172.0
REINFORCE,1337,819,149514,140.0
REINFORCE,1337,820,149696,182.0
REINFORCE,1337,821,149847,151.0
REINFORCE,1337,822,150057,210.0
REINFORCE,1337,823,150217,160.0
REINFORCE,1337,824,150395,178.0
REINFORCE,1337,825,150535,140.0
REINFORCE,1337,826,150704,169.0
REINFORCE,1337,827,150909,205.0
REINFORCE,1337,828,151063,154.0
REINFORCE,1337,829,151323,260.0
REINFORCE,1337,830,151501,178.0
REINFORCE,1337,831,151703,202.0
REINFORCE,1337,832,151882,179.0
REINFORCE,1337,833,152179,297.0
REINFORCE,1337,834,152353,174.0
REINFORCE,1337,835,152577,224.0
REINFORCE,1337,836,152834,257.0
REINFORCE,1337,837,153060,226.0
REINFORCE,1337,838,153274,214.0
REINFORCE,1337,839,153579,305.0
REINFORCE,1337,840,153875,296.0
REINFORCE,1337,841,154098,223.0
REINFORCE,1337,842,154466,368.0
REINFORCE,1337,843,154966,500.0
REINFORCE,1337,844,155466,500.0
REINFORCE,1337,845,155966,500.0
REINFORCE,1337,846,156413,447.0
REINFORCE,1337,847,156913,500.0
REINFORCE,1337,848,157413,500.0
REINFORCE,1337,849,157913,500.0
REINFORCE,1337,850,158413,500.0
REINFORCE,1337,851,158765,352.0
REINFORCE,1337,852,159086,321.0
REINFORCE,1337,853,159586,500.0
REINFORCE,1337,854,159877,291.0
REINFORCE,1337,855,160226,349.0
REINFORCE,1337,856,160726,500.0
REINFORCE,1337,857,161221,495.0
REINFORCE,1337,858,161716,495.0
REINFORCE,1337,859,162086,370.0
REINFORCE,1337,860,162572,486.0
REINFORCE,1337,861,163072,500.0
REINFORCE,1337,862,163572,500.0
REINFORCE,1337,863,164072,500.0
REINFORCE,1337,864,164572,500.0
REINFORCE,1337,865,165072,500.0
REINFORCE,1337,866,165481,409.0
REINFORCE,1337,867,165981,500.0
REINFORCE,1337,868,166481,500.0
REINFORCE,1337,869,166981,500.0
REINFORCE,1337,870,167481,500.0
REINFORCE,1337,871,167981,500.0
REINFORCE,1337,872,168434,453.0
REINFORCE,1337,873,168934,500.0
REINFORCE,1337,874,169434,500.0
REINFORCE,1337,875,169934,500.0
REINFORCE,1337,876,170434,500.0
REINFORCE,1337,877,170934,500.0
REINFORCE,1337,878,171434,500.0
REINFORCE,1337,879,171886,452.0
REINFORCE,1337,880,172222,336.0
REINFORCE,1337,881,172603,381.0
REINFORCE,1337,882,172943,340.0
REINFORCE,1337,883,173200,257.0
REINFORCE,1337,884,173448,248.0
REINFORCE,1337,885,173763,315.0
REINFORCE,1337,886,174070,307.0
REINFORCE,1337,887,174380,310.0
REINFORCE,1337,888,174656,276.0
REINFORCE,1337,889,174949,293.0
REINFORCE,1337,890,175240,291.0
REINFORCE,1337,891,175500,260.0
REINFORCE,1337,892,175865,365.0
REINFORCE,1337,893,176190,325.0
REINFORCE,1337,894,176521,331.0
REINFORCE,1337,895,176867,346.0
REINFORCE,1337,896,177367,500.0
REINFORCE,1337,897,177801,434.0
REINFORCE,1337,898,178301,500.0
REINFORCE,1337,899,178732,431.0
REINFORCE,1337,900,179232,500.0
REINFORCE,1337,901,179673,441.0
REINFORCE,1337,902,180031,358.0
REINFORCE,1337,903,180170,139.0
REINFORCE,1337,904,180670,500.0
REINFORCE,1337,905,181170,500.0
REINFORCE,1337,906,181670,500.0
REINFORCE,1337,907,182170,500.0
REINFORCE,1337,908,182641,471.0
REINFORCE,1337,909,183090,449.0
REINFORCE,1337,910,183576,486.0
REINFORCE,1337,911,184076,500.0
REINFORCE,1337,912,184505,429.0
REINFORCE,1337,913,184959,454.0
REINFORCE,1337,914,185373,414.0
REINFORCE,1337,915,185729,356.0
REINFORCE,1337,916,186213,484.0
REINFORCE,1337,917,186525,312.0
REINFORCE,1337,918,186859,334.0
REINFORCE,1337,919,187213,354.0
REINFORCE,1337,920,187539,326.0
REINFORCE,1337,921,187890,351.0
REINFORCE,1337,922,188256,366.0
REINFORCE,1337,923,188635,379.0
REINFORCE,1337,924,189090,455.0
REINFORCE,1337,925,189416,326.0
REINFORCE,1337,926,189793,377.0
REINFORCE,1337,927,190111,318.0
REINFORCE,1337,928,190483,372.0
REINFORCE,1337,929,190852,369.0
REINFORCE,1337,930,191191,339.0
REINFORCE,1337,931,191499,308.0
REINFORCE,1337,932,191836,337.0
REINFORCE,1337,933,192179,343.0
REINFORCE,1337,934,192484,305.0
REINFORCE,1337,935,192781,297.0
REINFORCE,1337,936,193051,270.0
REINFORCE,1337,937,193327,276.0
REINFORCE,1337,938,193717,390.0
REINFORCE,1337,939,194092,375.0
REINFORCE,1337,940,194415,323.0
REINFORCE,1337,941,194792,377.0
REINFORCE,1337,942,195103,311.0
REINFORCE,1337,943,195481,378.0
REINFORCE,1337,944,195952,471.0
REINFORCE,1337,945,196406,454.0
REINFORCE,1337,946,196863,457.0
REINFORCE,1337,947,197353,490.0
REINFORCE,1337,948,197853,500.0
REINFORCE,1337,949,198353,500.0
REINFORCE,1337,950,198853,500.0
REINFORCE,1337,951,199353,500.0
REINFORCE,1337,952,199853,500.0
REINFORCE,1337,953,200279,426.0
REINFORCE,1337,954,200779,500.0
REINFORCE,1337,955,201279,500.0
REINFORCE,1337,956,201779,500.0
REINFORCE,1337,957,202279,500.0
REINFORCE,1337,958,202779,500.0
REINFORCE,1337,959,203279,500.0
REINFORCE,1337,960,203779,500.0
REINFORCE,1337,961,204279,500.0
REINFORCE,1337,962,204779,500.0
REINFORCE,1337,963,205279,500.0
REINFORCE,1337,964,205779,500.0
REINFORCE,1337,965,206279,500.0
REINFORCE,1337,966,206779,500.0
REINFORCE,1337,967,207279,500.0
REINFORCE,1337,968,207779,500.0
REINFORCE,1337,969,208279,500.0
REINFORCE,1337,970,208779,500.0
REINFORCE,1337,971,208954,175.0
REINFORCE,1337,972,209454,500.0
REINFORCE,1337,973,209869,415.0
REINFORCE,1337,974,210241,372.0
REINFORCE,1337,975,210741,500.0
REINFORCE,1337,976,211038,297.0
REINFORCE,1337,977,211438,400.0
REINFORCE,1337,978,211836,398.0
REINFORCE,1337,979,212087,251.0
REINFORCE,1337,980,212587,500.0
REINFORCE,1337,981,213087,500.0
REINFORCE,1337,982,213587,500.0
REINFORCE,1337,983,214087,500.0
REINFORCE,1337,984,214587,500.0
REINFORCE,1337,985,214994,407.0
REINFORCE,1337,986,215494,500.0
REINFORCE,1337,987,215701,207.0
REINFORCE,1337,988,216201,500.0
REINFORCE,1337,989,216701,500.0
REINFORCE,1337,990,217201,500.0
REINFORCE,1337,991,217701,500.0
REINFORCE,1337,992,218114,413.0
REINFORCE,1337,993,218614,500.0
REINFORCE,1337,994,219114,500.0
REINFORCE,1337,995,219614,500.0
REINFORCE,1337,996,220114,500.0
REINFORCE,1337,997,220614,500.0
REINFORCE,1337,998,221114,500.0
REINFORCE,1337,999,221614,500.0
REINFORCE,1337,1000,222114,500.0
REINFORCE,2024,1,19,19.0
REINFORCE,2024,2,79,60.0
REINFORCE,2024,3,98,19.0
REINFORCE,2024,4,114,16.0
REINFORCE,2024,5,135,21.0
REINFORCE,2024,6,156,21.0
REINFORCE,2024,7,172,16.0
REINFORCE,2024,8,202,30.0
REINFORCE,2024,9,219,17.0
REINFORCE,2024,10,237,18.0
REINFORCE,2024,11,251,14.0
REINFORCE,2024,12,281,30.0
REINFORCE,2024,13,297,16.0
REINFORCE,2024,14,330,33.0
REINFORCE,2024,15,343,13.0
REINFORCE,2024,16,370,27.0
REINFORCE,2024,17,400,30.0
REINFORCE,2024,18,410,10.0
REINFORCE,2024,19,426,16.0
REINFORCE,2024,20,459,33.0
REINFORCE,2024,21,483,24.0
REINFORCE,2024,22,501,18.0
REINFORCE,2024,23,516,15.0
REINFORCE,2024,24,542,26.0
REINFORCE,2024,25,554,12.0
REINFORCE,2024,26,601,47.0
REINFORCE,2024,27,614,13.0
REINFORCE,2024,28,631,17.0
REINFORCE,2024,29,648,17.0
REINFORCE,2024,30,663,15.0
REINFORCE,2024,31,678,15.0
REINFORCE,2024,32,693,15.0
REINFORCE,2024,33,710,17.0
REINFORCE,2024,34,719,9.0
REINFORCE,2024,35,768,49.0
REINFORCE,2024,36,782,14.0
REINFORCE,2024,37,796,14.0
REINFORCE,2024,38,821,25.0
REINFORCE,2024,39,849,28.0
REINFORCE,2024,40,867,18.0
REINFORCE,2024,41,933,66.0
REINFORCE,2024,42,965,32.0
REINFORCE,2024,43,992,27.0
REINFORCE,2024,44,1037,45.0
REINFORCE,2024,45,1075,38.0
REINFORCE,2024,46,1100,25.0
REINFORCE,2024,47,1146,46.0
REINFORCE,2024,48,1164,18.0
REINFORCE,2024,49,1207,43.0
REINFORCE,2024,50,1218,11.0
REINFORCE,2024,51,1268,50.0
REINFORCE,2024,52,1280,12.0
REINFORCE,2024,53,1291,11.0
REINFORCE,2024,54,1312,21.0
REINFORCE,2024,55,1342,30.0
REINFORCE,2024,56,1355,13.0
REINFORCE,2024,57,1401,46.0
REINFORCE,2024,58,1440,39.0
REINFORCE,2024,59,1529,89.0
REINFORCE,2024,60,1654,125.0
REINFORCE,2024,61,1697,43.0
REINFORCE,2024,62,1764,67.0
REINFORCE,2024,63,1817,53.0
REINFORCE,2024,64,1858,41.0
REINFORCE,2024,65,1888,30.0
REINFORCE,2024,66,1911,23.0
REINFORCE,2024,67,1929,18.0
REINFORCE,2024,68,2005,76.0
REINFORCE,2024,69,2032,27.0
REINFORCE,2024,70,2109,77.0
REINFORCE,2024,71,2159,50.0
REINFORCE,2024,72,2179,20.0
REINFORCE,2024,73,2200,21.0
REINFORCE,2024,74,2225,25.0
REINFORCE,2024,75,2242,17.0
REINFORCE,2024,76,2287,45.0
REINFORCE,2024,77,2304,17.0
REINFORCE,2024,78,2322,18.0
REINFORCE,2024,79,2342,20.0
REINFORCE,2024,80,2362,20.0
REINFORCE,2024,81,2381,19.0
REINFORCE,2024,82,2407,26.0
REINFORCE,2024,83,2424,17.0
REINFORCE,2024,84,2452,28.0
REINFORCE,2024,85,2504,52.0
REINFORCE,2024,86,2550,46.0
REINFORCE,2024,87,2569,19.0
REINFORCE,2024,88,2644,75.0
REINFORCE,2024,89,2682,38.0
REINFORCE,2024,90,2726,44.0
REINFORCE,2024,91,2749,23.0
REINFORCE,2024,92,2758,9.0
REINFORCE,2024,93,2779,21.0
REINFORCE,2024,94,2797,18.0
REINFORCE,2024,95,2816,19.0
REINFORCE,2024,96,2843,27.0
REINFORCE,2024,97,2932,89.0
REINFORCE,2024,98,2979,47.0
REINFORCE,2024,99,3083,104.0
REINFORCE,2024,100,3103,20.0
REINFORCE,2024,101,3119,16.0
REINFORCE,2024,102,3162,43.0
REINFORCE,2024,103,3246,84.0
REINFORCE,2024,104,3267,21.0
REINFORCE,2024,105,3315,48.0
REINFORCE,2024,106,3369,54.0
REINFORCE,2024,107,3386,17.0
REINFORCE,2024,108,3422,36.0
REINFORCE,2024,109,3461,39.0
REINFORCE,2024,110,3518,57.0
REINFORCE,2024,111,3545,27.0
REINFORCE,2024,112,3576,31.0
REINFORCE,2024,113,3634,58.0
REINFORCE,2024,114,3760,126.0
REINFORCE,2024,115,3883,123.0
REINFORCE,2024,116,3912,29.0
REINFORCE,2024,117,3963,51.0
REINFORCE,2024,118,3983,20.0
REINFORCE,2024,119,4050,67.0
REINFORCE,2024,120,4078,28.0
REINFORCE,2024,121,4133,55.0
REINFORCE,2024,122,4152,19.0
REINFORCE,2024,123,4284,132.0
REINFORCE,2024,124,4333,49.0
REINFORCE,2024,125,4458,125.0
REINFORCE,2024,126,4490,32.0
REINFORCE,2024,127,4551,61.0
REINFORCE,2024,128,4585,34.0
REINFORCE,2024,129,4608,23.0
REINFORCE,2024,130,4717,109.0
REINFORCE,2024,131,4772,55.0
REINFORCE,2024,132,5006,234.0
REINFORCE,2024,133,5058,52.0
REINFORCE,2024,134,5144,86.0
REINFORCE,2024,135,5205,61.0
REINFORCE,2024,136,5323,118.0
REINFORCE,2024,137,5404,81.0
REINFORCE,2024,138,5509,105.0
REINFORCE,2024,139,5563,54.0
REINFORCE,2024,140,5703,140.0
REINFORCE,2024,141,5795,92.0
REINFORCE,2024,142,6062,267.0
REINFORCE,2024,143,6125,63.0
REINFORCE,2024,144,6278,153.0
REINFORCE,2024,145,6409,131.0
REINFORCE,2024,146,6467,58.0
REINFORCE,2024,147,6574,107.0
REINFORCE,2024,148,6672,98.0
REINFORCE,2024,149,6761,89.0
REINFORCE,2024,150,6871,110.0
REINFORCE,2024,151,6978,107.0
REINFORCE,2024,152,7195,217.0
REINFORCE,2024,153,7377,182.0
REINFORCE,2024,154,7527,150.0
REINFORCE,2024,155,7654,127.0
REINFORCE,2024,156,7853,199.0
REINFORCE,2024,157,8078,225.0
REINFORCE,2024,158,8239,161.0
REINFORCE,2024,159,8427,188.0
REINFORCE,2024,160,8539,112.0
REINFORCE,2024,161,8698,159.0
REINFORCE,2024,162,8822,124.0
REINFORCE,2024,163,8980,158.0
REINFORCE,2024,164,9067,87.0
REINFORCE,2024,165,9255,188.0
REINFORCE,2024,166,9462,207.0
REINFORCE,2024,167,9559,97.0
REINFORCE,2024,168,9757,198.0
REINFORCE,2024,169,9958,201.0
REINFORCE,2024,170,10120,162.0
REINFORCE,2024,171,10256,136.0
REINFORCE,2024,172,10595,339.0
REINFORCE,2024,173,10753,158.0
REINFORCE,2024,174,11068,315.0
REINFORCE,2024,175,11300,232.0
REINFORCE,2024,176,11472,172.0
REINFORCE,2024,177,11700,228.0
REINFORCE,2024,178,11890,190.0
REINFORCE,2024,179,12046,156.0
REINFORCE,2024,180,12134,88.0
REINFORCE,2024,181,12621,487.0
REINFORCE,2024,182,12725,104.0
REINFORCE,2024,183,13225,500.0
REINFORCE,2024,184,13332,107.0
REINFORCE,2024,185,13604,272.0
REINFORCE,2024,186,13731,127.0
REINFORCE,2024,187,13878,147.0
REINFORCE,2024,188,14187,309.0
REINFORCE,2024,189,14274,87.0
REINFORCE,2024,190,14399,125.0
REINFORCE,2024,191,14515,116.0
REINFORCE,2024,192,14559,44.0
REINFORCE,2024,193,14665,106.0
REINFORCE,2024,194,14784,119.0
REINFORCE,2024,195,14898,114.0
REINFORCE,2024,196,14936,38.0
REINFORCE,2024,197,14975,39.0
REINFORCE,2024,198,15030,55.0
REINFORCE,2024,199,15140,110.0
REINFORCE,2024,200,15177,37.0
REINFORCE,2024,201,15209,32.0
REINFORCE,2024,202,15304,95.0
REINFORCE,2024,203,15422,118.0
REINFORCE,2024,204,15511,89.0
REINFORCE,2024,205,15570,59.0
REINFORCE,2024,206,15683,113.0
REINFORCE,2024,207,15795,112.0
REINFORCE,2024,208,15856,61.0
REINFORCE,2024,209,15968,112.0
REINFORCE,2024,210,16017,49.0
REINFORCE,2024,211,16149,132.0
REINFORCE,2024,212,16288,139.0
REINFORCE,2024,213,16418,130.0
REINFORCE,2024,214,16525,107.0
REINFORCE,2024,215,16654,129.0
REINFORCE,2024,216,16839,185.0
REINFORCE,2024,217,16964,125.0
REINFORCE,2024,218,17132,168.0
REINFORCE,2024,219,17339,207.0
REINFORCE,2024,220,17529,190.0
REINFORCE,2024,221,17705,176.0
REINFORCE,2024,222,17910,205.0
REINFORCE,2024,223,18216,306.0
REINFORCE,2024,224,18679,463.0
REINFORCE,2024,225,18959,280.0
REINFORCE,2024,226,19459,500.0
REINFORCE,2024,227,19944,485.0
REINFORCE,2024,228,20160,216.0
REINFORCE,2024,229,20474,314.0
REINFORCE,2024,230,20906,432.0
REINFORCE,2024,231,21241,335.0
REINFORCE,2024,232,21741,500.0
REINFORCE,2024,233,21937,196.0
REINFORCE,2024,234,22437,500.0
REINFORCE,2024,235,22616,179.0
REINFORCE,2024,236,22867,251.0
REINFORCE,2024,237,23325,458.0
REINFORCE,2024,238,23825,500.0
REINFORCE,2024,239,24185,360.0
REINFORCE,2024,240,24685,500.0
REINFORCE,2024,241,24943,258.0
REINFORCE,2024,242,25443,500.0
REINFORCE,2024,243,25943,500.0
REINFORCE,2024,244,26291,348.0
REINFORCE,2024,245,26620,329.0
REINFORCE,2024,246,27008,388.0
REINFORCE,2024,247,27309,301.0
REINFORCE,2024,248,27809,500.0
REINFORCE,2024,249,28309,500.0
REINFORCE,2024,250,28511,202.0
REINFORCE,2024,251,28880,369.0
REINFORCE,2024,252,29284,404.0
REINFORCE,2024,253,29719,435.0
REINFORCE,2024,254,30106,387.0
REINFORCE,2024,255,30596,490.0
REINFORCE,2024,256,30873,277.0
REINFORCE,2024,257,31185,312.0
REINFORCE,2024,258,31479,294.0
REINFORCE,2024,259,31709,230.0
REINFORCE,2024,260,31966,257.0
REINFORCE,2024,261,32201,235.0
REINFORCE,2024,262,32480,279.0
REINFORCE,2024,263,32797,317.0
REINFORCE,2024,264,33206,409.0
REINFORCE,2024,265,33505,299.0
REINFORCE,2024,266,33767,262.0
REINFORCE,2024,267,34180,413.0
REINFORCE,2024,268,34578,398.0
REINFORCE,2024,269,34975,397.0
REINFORCE,2024,270,35338,363.0
REINFORCE,2024,271,35692,354.0
REINFORCE,2024,272,35947,255.0
REINFORCE,2024,273,36352,405.0
REINFORCE,2024,274,36737,385.0
REINFORCE,2024,275,37214,477.0
REINFORCE,2024,276,37520,306.0
REINFORCE,2024,277,37892,372.0
REINFORCE,2024,278,38265,373.0
REINFORCE,2024,279,38561,296.0
REINFORCE,2024,280,38823,262.0
REINFORCE,2024,281,39074,251.0
REINFORCE,2024,282,39332,258.0
REINFORCE,2024,283,39515,183.0
REINFORCE,2024,284,39738,223.0
REINFORCE,2024,285,39976,238.0
REINFORCE,2024,286,40191,215.0
REINFORCE,2024,287,40408,217.0
REINFORCE,2024,288,40566,158.0
REINFORCE,2024,289,40754,188.0
REINFORCE,2024,290,40982,228.0
REINFORCE,2024,291,41175,193.0
REINFORCE,2024,292,41370,195.0
REINFORCE,2024,293,41561,191.0
REINFORCE,2024,294,41696,135.0
REINFORCE,2024,295,41832,136.0
REINFORCE,2024,296,42028,196.0
REINFORCE,2024,297,42236,208.0
REINFORCE,2024,298,42387,151.0
REINFORCE,2024,299,42559,172.0
REINFORCE,2024,300,42706,147.0
REINFORCE,2024,301,42843,137.0
REINFORCE,2024,302,43000,157.0
REINFORCE,2024,303,43141,141.0
REINFORCE,2024,304,43261,120.0
REINFORCE,2024,305,43318,57.0
REINFORCE,2024,306,43455,137.0
REINFORCE,2024,307,43569,114.0
REINFORCE,2024,308,43709,140.0
REINFORCE,2024,309,43758,49.0
REINFORCE,2024,310,43877,119.0
REINFORCE,2024,311,43989,112.0
REINFORCE,2024,312,44094,105.0
REINFORCE,2024,313,44210,116.0
REINFORCE,2024,314,44348,138.0
REINFORCE,2024,315,44463,115.0
REINFORCE,2024,316,44591,128.0
REINFORCE,2024,317,44722,131.0
REINFORCE,2024,318,44850,128.0
REINFORCE,2024,319,45005,155.0
REINFORCE,2024,320,45160,155.0
REINFORCE,2024,321,45318,158.0
REINFORCE,2024,322,45437,119.0
REINFORCE,2024,323,45585,148.0
REINFORCE,2024,324,45705,120.0
REINFORCE,2024,325,45905,200.0
REINFORCE,2024,326,46042,137.0
REINFORCE,2024,327,46232,190.0
REINFORCE,2024,328,46381,149.0
REINFORCE,2024,329,46524,143.0
REINFORCE,2024,330,46693,169.0
REINFORCE,2024,331,46833,140.0
REINFORCE,2024,332,46962,129.0
REINFORCE,2024,333,47080,118.0
REINFORCE,2024,334,47227,147.0
REINFORCE,2024,335,47388,161.0
REINFORCE,2024,336,47517,129.0
REINFORCE,2024,337,47657,140.0
REINFORCE,2024,338,47824,167.0
REINFORCE,2024,339,47986,162.0
REINFORCE,2024,340,48120,134.0
REINFORCE,2024,341,48281,161.0
REINFORCE,2024,342,48431,150.0
REINFORCE,2024,343,48575,144.0
REINFORCE,2024,344,48675,100.0
REINFORCE,2024,345,48818,143.0
REINFORCE,2024,346,48948,130.0
REINFORCE,2024,347,49074,126.0
REINFORCE,2024,348,49108,34.0
REINFORCE,2024,349,49230,122.0
REINFORCE,2024,350,49343,113.0
REINFORCE,2024,351,49372,29.0
REINFORCE,2024,352,49490,118.0
REINFORCE,2024,353,49618,128.0
REINFORCE,2024,354,49737,119.0
REINFORCE,2024,355,49853,116.0
REINFORCE,2024,356,49961,108.0
REINFORCE,2024,357,49986,25.0
REINFORCE,2024,358,50031,45.0
REINFORCE,2024,359,50149,118.0
REINFORCE,2024,360,50261,112.0
REINFORCE,2024,361,50383,122.0
REINFORCE,2024,362,50498,115.0
REINFORCE,2024,363,50598,100.0
REINFORCE,2024,364,50712,114.0
REINFORCE,2024,365,50849,137.0
REINFORCE,2024,366,50964,115.0
REINFORCE,2024,367,51064,100.0
REINFORCE,2024,368,51193,129.0
REINFORCE,2024,369,51319,126.0
REINFORCE,2024,370,51430,111.0
REINFORCE,2024,371,51546,116.0
REINFORCE,2024,372,51688,142.0
REINFORCE,2024,373,51802,114.0
REINFORCE,2024,374,51921,119.0
REINFORCE,2024,375,52061,140.0
REINFORCE,2024,376,52111,50.0
REINFORCE,2024,377,52141,30.0
REINFORCE,2024,378,52268,127.0
REINFORCE,2024,379,52408,140.0
REINFORCE,2024,380,52565,157.0
REINFORCE,2024,381,52720,155.0
REINFORCE,2024,382,52892,172.0
REINFORCE,2024,383,53041,149.0
REINFORCE,2024,384,53079,38.0
REINFORCE,2024,385,53268,189.0
REINFORCE,2024,386,53454,186.0
REINFORCE,2024,387,53641,187.0
REINFORCE,2024,388,53880,239.0
REINFORCE,2024,389,54095,215.0
REINFORCE,2024,390,54276,181.0
REINFORCE,2024,391,54480,204.0
REINFORCE,2024,392,54683,203.0
REINFORCE,2024,393,54940,257.0
REINFORCE,2024,394,55130,190.0
REINFORCE,2024,395,55357,227.0
REINFORCE,2024,396,55600,243.0
REINFORCE,2024,397,55799,199.0
REINFORCE,2024,398,55987,188.0
REINFORCE,2024,399,56183,196.0
REINFORCE,2024,400,56373,190.0
REINFORCE,2024,401,56604,231.0
REINFORCE,2024,402,56804,200.0
REINFORCE,2024,403,57009,205.0
REINFORCE,2024,404,57199,190.0
REINFORCE,2024,405,57434,235.0
REINFORCE,2024,406,57656,222.0
REINFORCE,2024,407,57872,216.0
REINFORCE,2024,408,58138,266.0
REINFORCE,2024,409,58365,227.0
REINFORCE,2024,410,58608,243.0
REINFORCE,2024,411,58907,299.0
REINFORCE,2024,412,59187,280.0
REINFORCE,2024,413,59447,260.0
REINFORCE,2024,414,59735,288.0
REINFORCE,2024,415,60077,342.0
REINFORCE,2024,416,60378,301.0
REINFORCE,2024,417,60750,372.0
REINFORCE,2024,418,61192,442.0
REINFORCE,2024,419,61550,358.0
REINFORCE,2024,420,61904,354.0
REINFORCE,2024,421,62404,500.0
REINFORCE,2024,422,62877,473.0
REINFORCE,2024,423,63218,341.0
REINFORCE,2024,424,63593,375.0
REINFORCE,2024,425,64077,484.0
REINFORCE,2024,426,64577,500.0
REINFORCE,2024,427,65077,500.0
REINFORCE,2024,428,65577,500.0
REINFORCE,2024,429,66077,500.0
REINFORCE,2024,430,66551,474.0
REINFORCE,2024,431,67051,500.0
REINFORCE,2024,432,67387,336.0
REINFORCE,2024,433,67700,313.0
REINFORCE,2024,434,68035,335.0
REINFORCE,2024,435,68292,257.0
REINFORCE,2024,436,68540,248.0
REINFORCE,2024,437,68756,216.0
REINFORCE,2024,438,69046,290.0
REINFORCE,2024,439,69346,300.0
REINFORCE,2024,440,69482,136.0
REINFORCE,2024,441,69834,352.0
REINFORCE,2024,442,70074,240.0
REINFORCE,2024,443,70287,213.0
REINFORCE,2024,444,70506,219.0
REINFORCE,2024,445,70690,184.0
REINFORCE,2024,446,70827,137.0
REINFORCE,2024,447,70962,135.0
REINFORCE,2024,448,71118,156.0
REINFORCE,2024,449,71290,172.0
REINFORCE,2024,450,71469,179.0
REINFORCE,2024,451,71704,235.0
REINFORCE,2024,452,71907,203.0
REINFORCE,2024,453,72139,232.0
REINFORCE,2024,454,72448,309.0
REINFORCE,2024,455,72818,370.0
REINFORCE,2024,456,73128,310.0
REINFORCE,2024,457,73521,393.0
REINFORCE,2024,458,74021,500.0
REINFORCE,2024,459,74379,358.0
REINFORCE,2024,460,74879,500.0
REINFORCE,2024,461,75287,408.0
REINFORCE,2024,462,75673,386.0
REINFORCE,2024,463,76018,345.0
REINFORCE,2024,464,76518,500.0
REINFORCE,2024,465,76907,389.0
REINFORCE,2024,466,77205,298.0
REINFORCE,2024,467,77544,339.0
REINFORCE,2024,468,78033,489.0
REINFORCE,2024,469,78394,361.0
REINFORCE,2024,470,78894,500.0
REINFORCE,2024,471,79394,500.0
REINFORCE,2024,472,79758,364.0
REINFORCE,2024,473,80258,500.0
REINFORCE,2024,474,80758,500.0
REINFORCE,2024,475,81258,500.0
REINFORCE,2024,476,81753,495.0
REINFORCE,2024,477,82136,383.0
REINFORCE,2024,478,82636,500.0
REINFORCE,2024,479,83085,449.0
REINFORCE,2024,480,83409,324.0
REINFORCE,2024,481,83624,215.0
REINFORCE,2024,482,83959,335.0
REINFORCE,2024,483,84315,356.0
REINFORCE,2024,484,84620,305.0
REINFORCE,2024,485,84862,242.0
REINFORCE,2024,486,85086,224.0
REINFORCE,2024,487,85375,289.0
REINFORCE,2024,488,85570,195.0
REINFORCE,2024,489,85765,195.0
REINFORCE,2024,490,86014,249.0
REINFORCE,2024,491,86289,275.0
REINFORCE,2024,492,86549,260.0
REINFORCE,2024,493,86757,208.0
REINFORCE,2024,494,86957,200.0
REINFORCE,2024,495,87232,275.0
REINFORCE,2024,496,87535,303.0
REINFORCE,2024,497,87838,303.0
REINFORCE,2024,498,88150,312.0
REINFORCE,2024,499,88479,329.0
REINFORCE,2024,500,88806,327.0
REINFORCE,2024,501,89090,284.0
REINFORCE,2024,502,89427,337.0
REINFORCE,2024,503,89734,307.0
REINFORCE,2024,504,89963,229.0
REINFORCE,2024,505,90159,196.0
REINFORCE,2024,506,90438,279.0
REINFORCE,2024,507,90699,261.0
REINFORCE,2024,508,90899,200.0
REINFORCE,2024,509,91132,233.0
REINFORCE,2024,510,91392,260.0
REINFORCE,2024,511,91682,290.0
REINFORCE,2024,512,91979,297.0
REINFORCE,2024,513,92297,318.0
REINFORCE,2024,514,92607,310.0
REINFORCE,2024,515,92895,288.0
REINFORCE,2024,516,93200,305.0
REINFORCE,2024,517,93524,324.0
REINFORCE,2024,518,93808,284.0
REINFORCE,2024,519,94166,358.0
REINFORCE,2024,520,94389,223.0
REINFORCE,2024,521,94708,319.0
REINFORCE,2024,522,94963,255.0
REINFORCE,2024,523,95323,360.0
REINFORCE,2024,524,95629,306.0
REINFORCE,2024,525,95932,303.0
REINFORCE,2024,526,96216,284.0
REINFORCE,2024,527,96500,284.0
REINFORCE,2024,528,96719,219.0
REINFORCE,2024,529,96955,236.0
REINFORCE,2024,530,97139,184.0
REINFORCE,2024,531,97337,198.0
REINFORCE,2024,532,97528,191.0
REINFORCE,2024,533,97696,168.0
REINFORCE,2024,534,97868,172.0
REINFORCE,2024,535,98036,168.0
REINFORCE,2024,536,98189,153.0
REINFORCE,2024,537,98358,169.0
REINFORCE,2024,538,98516,158.0
REINFORCE,2024,539,98640,124.0
REINFORCE,2024,540,98778,138.0
REINFORCE,2024,541,98929,151.0
REINFORCE,2024,542,99064,135.0
REINFORCE,2024,543,99210,146.0
REINFORCE,2024,544,99346,136.0
REINFORCE,2024,545,99475,129.0
REINFORCE,2024,546,99618,143.0
REINFORCE,2024,547,99774,156.0
REINFORCE,2024,548,99915,141.0
REINFORCE,2024,549,100060,145.0
REINFORCE,2024,550,100227,167.0
REINFORCE,2024,551,100356,129.0
REINFORCE,2024,552,100492,136.0
REINFORCE,2024,553,100638,146.0
REINFORCE,2024,554,100788,150.0
REINFORCE,2024,555,100954,166.0
REINFORCE,2024,556,101109,155.0
REINFORCE,2024,557,101240,131.0
REINFORCE,2024,558,101375,135.0
REINFORCE,2024,559,101532,157.0
REINFORCE,2024,560,101674,142.0
REINFORCE,2024,561,101813,139.0
REINFORCE,2024,562,101948,135.0
REINFORCE,2024,563,102057,109.0
REINFORCE,2024,564,102209,152.0
REINFORCE,2024,565,102348,139.0
REINFORCE,2024,566,102490,142.0
REINFORCE,2024,567,102642,152.0
REINFORCE,2024,568,102792,150.0
REINFORCE,2024,569,102935,143.0
REINFORCE,2024,570,103081,146.0
REINFORCE,2024,571,103249,168.0
REINFORCE,2024,572,103370,121.0
REINFORCE,2024,573,103530,160.0
REINFORCE,2024,574,103693,163.0
REINFORCE,2024,575,103861,168.0
REINFORCE,2024,576,104040,179.0
REINFORCE,2024,577,104200,160.0
REINFORCE,2024,578,104344,144.0
REINFORCE,2024,579,104519,175.0
REINFORCE,2024,580,104672,153.0
REINFORCE,2024,581,104816,144.0
REINFORCE,2024,582,104966,150.0
REINFORCE,2024,583,105109,143.0
REINFORCE,2024,584,105253,144.0
REINFORCE,2024,585,105395,142.0
REINFORCE,2024,586,105530,135.0
REINFORCE,2024,587,105679,149.0
REINFORCE,2024,588,105831,152.0
REINFORCE,2024,589,105973,142.0
REINFORCE,2024,590,106122,149.0
REINFORCE,2024,591,106249,127.0
REINFORCE,2024,592,106387,138.0
REINFORCE,2024,593,106522,135.0
REINFORCE,2024,594,106651,129.0
REINFORCE,2024,595,106761,110.0
REINFORCE,2024,596,106869,108.0
REINFORCE,2024,597,106998,129.0
REINFORCE,2024,598,107103,105.0
REINFORCE,2024,599,107213,110.0
REINFORCE,2024,600,107336,123.0
REINFORCE,2024,601,107442,106.0
REINFORCE,2024,602,107576,134.0
REINFORCE,2024,603,107714,138.0
REINFORCE,2024,604,107852,138.0
REINFORCE,2024,605,107990,138.0
REINFORCE,2024,606,108157,167.0
REINFORCE,2024,607,108334,177.0
REINFORCE,2024,608,108499,165.0
REINFORCE,2024,609,108672,173.0
REINFORCE,2024,610,108883,211.0
REINFORCE,2024,611,109091,208.0
REINFORCE,2024,612,109295,204.0
REINFORCE,2024,613,109479,184.0
REINFORCE,2024,614,109679,200.0
REINFORCE,2024,615,109890,211.0
REINFORCE,2024,616,110119,229.0
REINFORCE,2024,617,110307,188.0
REINFORCE,2024,618,110532,225.0
REINFORCE,2024,619,110785,253.0
REINFORCE,2024,620,111076,291.0
REINFORCE,2024,621,111379,303.0
REINFORCE,2024,622,111629,250.0
REINFORCE,2024,623,111888,259.0
REINFORCE,2024,624,112192,304.0
REINFORCE,2024,625,112491,299.0
REINFORCE,2024,626,112756,265.0
REINFORCE,2024,627,113172,416.0
REINFORCE,2024,628,113568,396.0
REINFORCE,2024,629,113980,412.0
REINFORCE,2024,630,114445,465.0
REINFORCE,2024,631,114945,500.0
REINFORCE,2024,632,115445,500.0
REINFORCE,2024,633,115945,500.0
REINFORCE,2024,634,116445,500.0
REINFORCE,2024,635,116945,500.0
REINFORCE,2024,636,117445,500.0
REINFORCE,2024,637,117945,500.0
REINFORCE,2024,638,118445,500.0
REINFORCE,2024,639,118945,500.0
REINFORCE,2024,640,119445,500.0
REINFORCE,2024,641,119945,500.0
REINFORCE,2024,642,120445,500.0
REINFORCE,2024,643,120945,500.0
REINFORCE,2024,644,121445,500.0
REINFORCE,2024,645,121945,500.0
REINFORCE,2024,646,122445,500.0
REINFORCE,2024,647,122945,500.0
REINFORCE,2024,648,123445,500.0
REINFORCE,2024,649,123945,500.0
REINFORCE,2024,650,124445,500.0
REINFORCE,2024,651,124945,500.0
REINFORCE,2024,652,125396,451.0
REINFORCE,2024,653,125816,420.0
REINFORCE,2024,654,126208,392.0
REINFORCE,2024,655,126551,343.0
REINFORCE,2024,656,126913,362.0
REINFORCE,2024,657,127287,374.0
REINFORCE,2024,658,127616,329.0
REINFORCE,2024,659,127931,315.0
REINFORCE,2024,660,128174,243.0
REINFORCE,2024,661,128403,229.0
REINFORCE,2024,662,128665,262.0
REINFORCE,2024,663,128876,211.0
REINFORCE,2024,664,129109,233.0
REINFORCE,2024,665,129317,208.0
REINFORCE,2024,666,129507,190.0
REINFORCE,2024,667,129674,167.0
REINFORCE,2024,668,129866,192.0
REINFORCE,2024,669,130041,175.0
REINFORCE,2024,670,130212,171.0
REINFORCE,2024,671,130401,189.0
REINFORCE,2024,672,130588,187.0
REINFORCE,2024,673,130773,185.0
REINFORCE,2024,674,130918,145.0
REINFORCE,2024,675,131072,154.0
REINFORCE,2024,676,131210,138.0
REINFORCE,2024,677,131379,169.0
REINFORCE,2024,678,131542,163.0
REINFORCE,2024,679,131686,144.0
REINFORCE,2024,680,131819,133.0
REINFORCE,2024,681,131993,174.0
REINFORCE,2024,682,132130,137.0
REINFORCE,2024,683,132302,172.0
REINFORCE,2024,684,132463,161.0
REINFORCE,2024,685,132622,159.0
REINFORCE,2024,686,132827,205.0
REINFORCE,2024,687,133023,196.0
REINFORCE,2024,688,133240,217.0
REINFORCE,2024,689,133453,213.0
REINFORCE,2024,690,133649,196.0
REINFORCE,2024,691,133864,215.0
REINFORCE,2024,692,134062,198.0
REINFORCE,2024,693,134250,188.0
REINFORCE,2024,694,134476,226.0
REINFORCE,2024,695,134678,202.0
REINFORCE,2024,696,134920,242.0
REINFORCE,2024,697,135180,260.0
REINFORCE,2024,698,135380,200.0
REINFORCE,2024,699,135594,214.0
REINFORCE,2024,700,135816,222.0
REINFORCE,2024,701,136113,297.0
REINFORCE,2024,702,136343,230.0
REINFORCE,2024,703,136586,243.0
REINFORCE,2024,704,136833,247.0
REINFORCE,2024,705,137051,218.0
REINFORCE,2024,706,137295,244.0
REINFORCE,2024,707,137505,210.0
REINFORCE,2024,708,137718,213.0
REINFORCE,2024,709,137967,249.0
REINFORCE,2024,710,138184,217.0
REINFORCE,2024,711,138385,201.0
REINFORCE,2024,712,138553,168.0
REINFORCE,2024,713,138759,206.0
REINFORCE,2024,714,138958,199.0
REINFORCE,2024,715,139162,204.0
REINFORCE,2024,716,139345,183.0
REINFORCE,2024,717,139521,176.0
REINFORCE,2024,718,139750,229.0
REINFORCE,2024,719,139947,197.0
REINFORCE,2024,720,140176,229.0
REINFORCE,2024,721,140379,203.0
REINFORCE,2024,722,140581,202.0
REINFORCE,2024,723,140792,211.0
REINFORCE,2024,724,140992,200.0
REINFORCE,2024,725,141199,207.0
REINFORCE,2024,726,141422,223.0
REINFORCE,2024,727,141649,227.0
REINFORCE,2024,728,141853,204.0
REINFORCE,2024,729,142086,233.0
REINFORCE,2024,730,142330,244.0
REINFORCE,2024,731,142579,249.0
REINFORCE,2024,732,142855,276.0
REINFORCE,2024,733,143120,265.0
REINFORCE,2024,734,143403,283.0
REINFORCE,2024,735,143583,180.0
REINFORCE,2024,736,143843,260.0
REINFORCE,2024,737,144127,284.0
REINFORCE,2024,738,144396,269.0
REINFORCE,2024,739,144661,265.0
REINFORCE,2024,740,144895,234.0
REINFORCE,2024,741,145169,274.0
REINFORCE,2024,742,145419,250.0
REINFORCE,2024,743,145765,346.0
REINFORCE,2024,744,146033,268.0
REINFORCE,2024,745,146313,280.0
REINFORCE,2024,746,146599,286.0
REINFORCE,2024,747,146979,380.0
REINFORCE,2024,748,147391,412.0
REINFORCE,2024,749,147790,399.0
REINFORCE,2024,750,148056,266.0
REINFORCE,2024,751,148414,358.0
REINFORCE,2024,752,148793,379.0
REINFORCE,2024,753,149293,500.0
REINFORCE,2024,754,149793,500.0
REINFORCE,2024,755,150293,500.0
REINFORCE,2024,756,150793,500.0
REINFORCE,2024,757,151293,500.0
REINFORCE,2024,758,151793,500.0
REINFORCE,2024,759,152170,377.0
REINFORCE,2024,760,152670,500.0
REINFORCE,2024,761,153170,500.0
REINFORCE,2024,762,153670,500.0
REINFORCE,2024,763,154087,417.0
REINFORCE,2024,764,154587,500.0
REINFORCE,2024,765,154946,359.0
REINFORCE,2024,766,155446,500.0
REINFORCE,2024,767,155946,500.0
REINFORCE,2024,768,156446,500.0
REINFORCE,2024,769,156946,500.0
REINFORCE,2024,770,157446,500.0
REINFORCE,2024,771,157946,500.0
REINFORCE,2024,772,158178,232.0
REINFORCE,2024,773,158571,393.0
REINFORCE,2024,774,159071,500.0
REINFORCE,2024,775,159571,500.0
REINFORCE,2024,776,160071,500.0
REINFORCE,2024,777,160544,473.0
REINFORCE,2024,778,161044,500.0
REINFORCE,2024,779,161272,228.0
REINFORCE,2024,780,161772,500.0
REINFORCE,2024,781,162224,452.0
REINFORCE,2024,782,162607,383.0
REINFORCE,2024,783,163107,500.0
REINFORCE,2024,784,163474,367.0
REINFORCE,2024,785,163772,298.0
REINFORCE,2024,786,164163,391.0
REINFORCE,2024,787,164570,407.0
REINFORCE,2024,788,165046,476.0
REINFORCE,2024,789,165329,283.0
REINFORCE,2024,790,165749,420.0
REINFORCE,2024,791,166141,392.0
REINFORCE,2024,792,166541,400.0
REINFORCE,2024,793,166885,344.0
REINFORCE,2024,794,167212,327.0
REINFORCE,2024,795,167501,289.0
REINFORCE,2024,796,167809,308.0
REINFORCE,2024,797,168098,289.0
REINFORCE,2024,798,168374,276.0
REINFORCE,2024,799,168622,248.0
REINFORCE,2024,800,168851,229.0
REINFORCE,2024,801,169100,249.0
REINFORCE,2024,802,169345,245.0
REINFORCE,2024,803,169570,225.0
REINFORCE,2024,804,169762,192.0
REINFORCE,2024,805,169991,229.0
REINFORCE,2024,806,170188,197.0
REINFORCE,2024,807,170372,184.0
REINFORCE,2024,808,170488,116.0
REINFORCE,2024,809,170674,186.0
REINFORCE,2024,810,170855,181.0
REINFORCE,2024,811,171009,154.0
REINFORCE,2024,812,171164,155.0
REINFORCE,2024,813,171315,151.0
REINFORCE,2024,814,171473,158.0
REINFORCE,2024,815,171637,164.0
REINFORCE,2024,816,171779,142.0
REINFORCE,2024,817,171907,128.0
REINFORCE,2024,818,172058,151.0
REINFORCE,2024,819,172182,124.0
REINFORCE,2024,820,172317,135.0
REINFORCE,2024,821,172442,125.0
REINFORCE,2024,822,172564,122.0
REINFORCE,2024,823,172694,130.0
REINFORCE,2024,824,172831,137.0
REINFORCE,2024,825,172971,140.0
REINFORCE,2024,826,173116,145.0
REINFORCE,2024,827,173250,134.0
REINFORCE,2024,828,173367,117.0
REINFORCE,2024,829,173501,134.0
REINFORCE,2024,830,173648,147.0
REINFORCE,2024,831,173795,147.0
REINFORCE,2024,832,173942,147.0
REINFORCE,2024,833,174100,158.0
REINFORCE,2024,834,174246,146.0
REINFORCE,2024,835,174400,154.0
REINFORCE,2024,836,174565,165.0
REINFORCE,2024,837,174712,147.0
REINFORCE,2024,838,174855,143.0
REINFORCE,2024,839,175033,178.0
REINFORCE,2024,840,175182,149.0
REINFORCE,2024,841,175340,158.0
REINFORCE,2024,842,175508,168.0
REINFORCE,2024,843,175685,177.0
REINFORCE,2024,844,175848,163.0
REINFORCE,2024,845,176052,204.0
REINFORCE,2024,846,176264,212.0
REINFORCE,2024,847,176458,194.0
REINFORCE,2024,848,176650,192.0
REINFORCE,2024,849,176867,217.0
REINFORCE,2024,850,177091,224.0
REINFORCE,2024,851,177315,224.0
REINFORCE,2024,852,177544,229.0
REINFORCE,2024,853,177772,228.0
REINFORCE,2024,854,178029,257.0
REINFORCE,2024,855,178298,269.0
REINFORCE,2024,856,178537,239.0
REINFORCE,2024,857,178822,285.0
REINFORCE,2024,858,179084,262.0
REINFORCE,2024,859,179386,302.0
REINFORCE,2024,860,179644,258.0
REINFORCE,2024,861,179963,319.0
REINFORCE,2024,862,180202,239.0
REINFORCE,2024,863,180564,362.0
REINFORCE,2024,864,180907,343.0
REINFORCE,2024,865,181191,284.0
REINFORCE,2024,866,181510,319.0
REINFORCE,2024,867,181838,328.0
REINFORCE,2024,868,182177,339.0
REINFORCE,2024,869,182495,318.0
REINFORCE,2024,870,182847,352.0
REINFORCE,2024,871,183180,333.0
REINFORCE,2024,872,183517,337.0
REINFORCE,2024,873,183816,299.0
REINFORCE,2024,874,184116,300.0
REINFORCE,2024,875,184417,301.0
REINFORCE,2024,876,184730,313.0
REINFORCE,2024,877,185094,364.0
REINFORCE,2024,878,185440,346.0
REINFORCE,2024,879,185791,351.0
REINFORCE,2024,880,186129,338.0
REINFORCE,2024,881,186523,394.0
REINFORCE,2024,882,186895,372.0
REINFORCE,2024,883,187381,486.0
REINFORCE,2024,884,187872,491.0
REINFORCE,2024,885,188372,500.0
REINFORCE,2024,886,188872,500.0
REINFORCE,2024,887,189353,481.0
REINFORCE,2024,888,189731,378.0
REINFORCE,2024,889,190112,381.0
REINFORCE,2024,890,190465,353.0
REINFORCE,2024,891,190769,304.0
REINFORCE,2024,892,191040,271.0
REINFORCE,2024,893,191350,310.0
REINFORCE,2024,894,191632,282.0
REINFORCE,2024,895,191961,329.0
REINFORCE,2024,896,192241,280.0
REINFORCE,2024,897,192509,268.0
REINFORCE,2024,898,192791,282.0
REINFORCE,2024,899,193114,323.0
REINFORCE,2024,900,193451,337.0
REINFORCE,2024,901,193787,336.0
REINFORCE,2024,902,194084,297.0
REINFORCE,2024,903,194413,329.0
REINFORCE,2024,904,194738,325.0
REINFORCE,2024,905,195039,301.0
REINFORCE,2024,906,195383,344.0
REINFORCE,2024,907,195744,361.0
REINFORCE,2024,908,196096,352.0
REINFORCE,2024,909,196443,347.0
REINFORCE,2024,910,196801,358.0
REINFORCE,2024,911,197090,289.0
REINFORCE,2024,912,197418,328.0
REINFORCE,2024,913,197732,314.0
REINFORCE,2024,914,198017,285.0
REINFORCE,2024,915,198349,332.0
REINFORCE,2024,916,198627,278.0
REINFORCE,2024,917,198919,292.0
REINFORCE,2024,918,199199,280.0
REINFORCE,2024,919,199513,314.0
REINFORCE,2024,920,199813,300.0
REINFORCE,2024,921,200084,271.0
REINFORCE,2024,922,200354,270.0
REINFORCE,2024,923,200676,322.0
REINFORCE,2024,924,200946,270.0
REINFORCE,2024,925,201267,321.0
REINFORCE,2024,926,201552,285.0
REINFORCE,2024,927,201850,298.0
REINFORCE,2024,928,202114,264.0
REINFORCE,2024,929,202447,333.0
REINFORCE,2024,930,202746,299.0
REINFORCE,2024,931,203034,288.0
REINFORCE,2024,932,203318,284.0
REINFORCE,2024,933,203578,260.0
REINFORCE,2024,934,203881,303.0
REINFORCE,2024,935,204142,261.0
REINFORCE,2024,936,204361,219.0
REINFORCE,2024,937,204579,218.0
REINFORCE,2024,938,204855,276.0
REINFORCE,2024,939,205066,211.0
REINFORCE,2024,940,205283,217.0
REINFORCE,2024,941,205486,203.0
REINFORCE,2024,942,205693,207.0
REINFORCE,2024,943,205904,211.0
REINFORCE,2024,944,206094,190.0
REINFORCE,2024,945,206282,188.0
REINFORCE,2024,946,206457,175.0
REINFORCE,2024,947,206641,184.0
REINFORCE,2024,948,206799,158.0
REINFORCE,2024,949,206993,194.0
REINFORCE,2024,950,207167,174.0
REINFORCE,2024,951,207329,162.0
REINFORCE,2024,952,207515,186.0
REINFORCE,2024,953,207670,155.0
REINFORCE,2024,954,207860,190.0
REINFORCE,2024,955,208045,185.0
REINFORCE,2024,956,208223,178.0
REINFORCE,2024,957,208387,164.0
REINFORCE,2024,958,208553,166.0
REINFORCE,2024,959,208715,162.0
REINFORCE,2024,960,208895,180.0
REINFORCE,2024,961,209073,178.0
REINFORCE,2024,962,209240,167.0
REINFORCE,2024,963,209413,173.0
REINFORCE,2024,964,209585,172.0
REINFORCE,2024,965,209783,198.0
REINFORCE,2024,966,209945,162.0
REINFORCE,2024,967,210111,166.0
REINFORCE,2024,968,210282,171.0
REINFORCE,2024,969,210471,189.0
REINFORCE,2024,970,210642,171.0
REINFORCE,2024,971,210815,173.0
REINFORCE,2024,972,211003,188.0
REINFORCE,2024,973,211181,178.0
REINFORCE,2024,974,211390,209.0
REINFORCE,2024,975,211603,213.0
REINFORCE,2024,976,211784,181.0
REINFORCE,2024,977,211974,190.0
REINFORCE,2024,978,212168,194.0
REINFORCE,2024,979,212359,191.0
REINFORCE,2024,980,212547,188.0
REINFORCE,2024,981,212735,188.0
REINFORCE,2024,982,212925,190.0
REINFORCE,2024,983,213106,181.0
REINFORCE,2024,984,213283,177.0
REINFORCE,2024,985,213475,192.0
REINFORCE,2024,986,213640,165.0
REINFORCE,2024,987,213838,198.0
REINFORCE,2024,988,214035,197.0
REINFORCE,2024,989,214216,181.0
REINFORCE,2024,990,214386,170.0
REINFORCE,2024,991,214567,181.0
REINFORCE,2024,992,214746,179.0
REINFORCE,2024,993,214941,195.0
REINFORCE,2024,994,215133,192.0
REINFORCE,2024,995,215352,219.0
REINFORCE,2024,996,215541,189.0
REINFORCE,2024,997,215722,181.0
REINFORCE,2024,998,215921,199.0
REINFORCE,2024,999,216120,199.0
REINFORCE,2024,1000,216303,183.0
